A,B,cmd_A,cmd_B,fall_step,fell,fell_in_A,final_vx,peak_tilt_1s,phase,reason,seed,settle_s,speed_at_switch,tilt_at_switch,warmup
stand,walk,0.0,0.5763204254684449,,False,False,0.5673293348756093,10.1491958932389,0.4519715300702659,,7000,0.64,0.00012517215027849307,7.724741744364935,
stand,walk,0.0,0.48613792292211533,,False,False,0.4800684230693335,7.6538908818295095,0.95331131348468,,7001,0.58,-3.146768879568363e-05,7.807193629554114,
stand,walk,0.0,0.3423814415087075,,False,False,0.3340485627120811,7.0899736813181296,0.22140106394045334,,7002,0.54,-0.0002078775195083843,7.822574178280339,
stand,walk,0.0,0.4901649272918189,,False,False,0.4796920639540064,9.425005248093871,0.4117175646490243,,7003,0.64,0.00018414465607942496,7.610767338021508,
stand,walk,0.0,0.5790988039857585,,False,False,0.5678225269304071,9.612200553353535,0.5399243469492593,,7004,0.6,3.338232636453034e-05,7.731098795283828,
stand,walk,0.0,0.4442938302378304,,False,False,0.43933181157524837,7.953581615201163,0.8602777980311511,,7005,0.62,5.300528298367548e-05,7.6876653606853225,
stand,walk,0.0,0.3243964033622022,,False,False,0.31262560216621865,9.177659846424019,0.5594772125225745,,7006,0.74,-0.00010519265724376524,7.91015609102295,
stand,walk,0.0,0.4813717844840181,,False,False,0.47296836759153854,7.44860257824187,0.04207327230135249,,7007,0.6,0.0003998060043931055,7.694273957737188,
stand,walk,0.0,0.44926963625554267,,False,False,0.43620138653139484,10.485414824983723,0.4774835708366252,,7008,0.62,-0.00036982802324340123,8.035873996790952,
stand,walk,0.0,0.4157471563008533,,False,False,0.40677848542405526,7.598664733166766,0.9979023409460076,,7009,0.62,-0.0001647605868846402,7.774535991923852,
stand,walk,0.0,0.52042080211808,,False,False,0.510602806705638,8.347731030533252,0.7383550706897423,,7010,0.66,-6.030012430270372e-05,7.876332676625818,
stand,walk,0.0,0.4658100404685178,,False,False,0.4546488253617087,10.227559666755816,0.4253089079485629,,7011,0.64,-0.00017743783608306556,7.918903153495866,
stand,walk,0.0,0.4548697380875905,,False,False,0.4451516126832617,7.042219605317348,0.09331436988786446,,7012,0.6,0.0005160998409295156,7.762293550713886,
stand,walk,0.0,0.3194352016402751,,False,False,0.3076996424552683,8.621972447359495,0.3793152564901465,,7013,0.64,0.00011367636652265064,7.6763893110079255,
stand,walk,0.0,0.4231706039429047,,False,False,0.41682502132764016,7.692073814169509,0.9023676896829277,,7014,0.64,-5.376163676221714e-05,7.727246895414443,
stand,walk,0.0,0.4090401876582932,,False,False,0.40120317664339644,7.477259708788701,0.9310455653540713,,7015,0.62,0.0007113307042682581,7.735223063895013,
stand,walk,0.0,0.5377831546298103,,False,False,0.5334217449120948,8.277791884584095,0.8228237991582087,,7016,0.56,-5.675425656123839e-05,7.900838212859065,
stand,walk,0.0,0.40911643872037956,,False,False,0.4026021098417339,7.941040416843341,0.71375115767995,,7017,0.7000000000000001,-9.12470613354171e-06,7.720689029738361,
stand,walk,0.0,0.4586356587883779,,False,False,0.4523693634175367,7.695993697623257,0.8288346742523792,,7018,0.62,0.00047964630289547305,7.500607329048174,
stand,walk,0.0,0.3912318308172883,,False,False,0.38205347979663107,7.147351420281625,0.27276924731495744,,7019,0.64,-0.00014636701982292849,7.850371631097525,
stand,walk,0.0,0.5219262741500682,,False,False,0.5099029731382909,10.138019033714285,0.4833370181996821,,7020,0.62,-0.0001020558267689935,7.954684028123611,
stand,walk,0.0,0.5672258795996841,,False,False,0.5654237325310111,7.388092442971282,0.12443396027693443,,7021,0.56,0.00027013975414464275,7.752439003453078,
stand,walk,0.0,0.46164467345639704,,False,False,0.4469076335164025,8.247532184916427,0.6430533385977335,,7022,0.6,-1.5066580401144793e-05,7.8422690269068465,
stand,walk,0.0,0.5523604750049792,,False,False,0.5484788040496391,7.514236447304749,0.8753658243318829,,7023,0.52,0.0003980119340163793,7.665204024798464,
stand,walk,0.0,0.5077917326565357,,False,False,0.49901369577671184,7.984373164760119,0.7337505884514982,,7024,0.66,0.0001227676610134144,7.756913227560124,
stand,walk,0.0,0.393652884936503,,False,False,0.38652906089567,7.956217012422934,0.7972440274949684,,7025,0.68,0.0001318576581668197,7.843977342247603,
stand,walk,0.0,0.5105066465870409,,False,False,0.506152925353528,7.341824936342396,0.9209516112341427,,7026,0.5,0.00019165316170114655,7.753696074539956,
stand,walk,0.0,0.5593255445246077,,False,False,0.5554150469957001,7.8702041825340165,0.8606551948268552,,7027,0.52,0.0003879079472062602,7.780231062441915,
stand,walk,0.0,0.3488439033786862,,False,False,0.3348533810282019,8.486652554820926,0.579679546669267,,7028,0.72,0.0002653131954763454,7.589361842490009,
stand,walk,0.0,0.3580560399159141,,False,False,0.347222769167357,7.155294686652261,0.18659572611337572,,7029,0.56,8.04732153173531e-05,7.755019614221382,
stand,walk,0.0,0.5114674893326684,,False,False,0.5036517210070163,7.643736641748279,0.8455268789359996,,7030,0.62,-0.00013128815169042578,7.656902172838676,
stand,walk,0.0,0.5978295709884371,,False,False,0.5942099065299099,8.02799949576582,0.8133470516880934,,7031,0.54,-0.00018946375756071702,7.846922632561361,
stand,walk,0.0,0.345451469882599,,False,False,0.3363652175917269,8.199113346227023,0.35932472112805713,,7032,0.66,0.0003804965836637954,7.675493506089164,
stand,walk,0.0,0.5243549448689244,,False,False,0.5139241822215085,9.242507245649879,0.6088984896403108,,7033,0.6,-0.00042809000542903374,8.16726004618039,
stand,walk,0.0,0.49328295965487806,,False,False,0.4841840859885886,7.7313632370235705,0.7899808617359723,,7034,0.64,0.0007818558488563474,7.517812848132509,
stand,walk,0.0,0.5110894053157454,,False,False,0.4998866501661713,8.034697902319467,0.6879434753090131,,7035,0.6,6.755709355635773e-05,7.839033664485347,
stand,walk,0.0,0.4230664067312806,,False,False,0.40829567084592006,9.129915665623939,0.5529176898517268,,7036,0.62,0.00010790140021703659,7.746185750545783,
stand,walk,0.0,0.44089822924590627,,False,False,0.4357567913872973,7.908947213803179,0.9177703073558058,,7037,0.6,-0.0001255613127996943,7.861423107258643,
stand,walk,0.0,0.5020738235267947,,False,False,0.49426921715438354,7.517085308658009,0.138882218348657,,7038,0.58,-0.0002748824144863962,7.969773822041085,
stand,walk,0.0,0.34184379770488127,,False,False,0.3353159498750169,7.537120740427579,0.014848507172321557,,7039,0.6,6.649106885323606e-05,7.919910090819302,
stand,walk,0.0,0.5534108984542204,,False,False,0.5466937569536965,7.951773387372293,0.6738783463983776,,7040,0.6,0.00023564652960699154,7.76243576519909,
stand,walk,0.0,0.38948117262374393,,False,False,0.37587025472110625,9.48959535037766,0.47473774412293157,,7041,0.64,0.00013422627914172285,7.820649488078348,
stand,walk,0.0,0.40970561652474835,,False,False,0.40528088669894835,7.9305868457750055,0.861179452491183,,7042,0.66,0.00010516050169364655,7.96518808482381,
stand,walk,0.0,0.5609310827159242,,False,False,0.5591419959976904,7.3563893284002875,0.02069915170380321,,7043,0.56,0.00024293740069486253,7.767885858103104,
stand,walk,0.0,0.544920102081959,,False,False,0.536867249018996,8.972340207763052,0.6219056759353856,,7044,0.6,-0.00016479386919774166,7.840453621818652,
stand,walk,0.0,0.5687612843119889,,False,False,0.5608782403436003,10.251313687019708,0.4687687296573103,,7045,0.64,7.434848613510205e-05,7.829241576943562,
stand,walk,0.0,0.43670780524087827,,False,False,0.4197904012580079,9.051926614824962,0.5464196694051006,,7046,0.62,0.00015849967189729346,7.852398079577332,
stand,walk,0.0,0.5795675742452228,,False,False,0.5776491812019627,7.604737283144712,0.9690566398163747,,7047,0.48,-9.300987258906137e-05,7.7908329775188045,
stand,walk,0.0,0.4131511684997871,,False,False,0.4062731449158137,7.468587148905195,0.07188376537988217,,7048,0.58,-0.0001937243824010307,7.832741681300204,
stand,walk,0.0,0.3200524550615561,,False,False,0.3151155752183201,8.117851888645207,0.7129164879704305,,7049,0.72,-6.601502591154126e-05,7.858328953399809,
walk,stand,0.44124206151515,0.0,,False,False,0.0009092398258964458,14.535862388856543,0.25197153007027073,,7000,0.66,0.43531046334512485,2.464951830376865,0
walk,stand,0.5314281874292841,0.0,,False,False,0.0004977855552522118,13.23825931194822,0.9033113134846849,,7001,0.56,0.5236063573283098,3.9254809904141834,0
walk,stand,0.4554596801174362,0.0,,False,False,0.0004075605481694819,11.672862125223208,0.2714010639404576,,7002,0.48,0.4454619270149414,2.338920210553639,0
walk,stand,0.4539899395926182,0.0,,False,False,-3.3889119573728e-05,7.793350060349414,0.4617175646490286,,7003,0.16,0.4251719717421531,3.1741844248329976,0
walk,stand,0.5112999483100555,0.0,,False,False,0.0002830086902919028,9.237525747045941,0.6399243469492637,,7004,0.34,0.49721695710206293,2.443020093836526,0
walk,stand,0.35512329166487644,0.0,,False,False,0.00013635540275098643,8.581368263968994,0.5102777980311557,,7005,0.18,0.33371565214321375,2.858783737956421,0
walk,stand,0.4019074558121564,0.0,,False,False,0.00012736209461937286,12.596073102963306,0.9094772125225792,,7006,0.34,0.38959905254333976,3.5125855202703438,0
walk,stand,0.3345171827247623,0.0,,False,False,0.0005356114176856752,7.898570760652211,0.09207327230135683,,7007,0.26,0.3148604917893266,2.8257212781866783,0
walk,stand,0.5629638846939471,0.0,,False,False,-0.0001374121039399018,12.288372719088489,0.7274835708366298,,7008,0.32,0.572495520086838,3.0570881457616,0
walk,stand,0.440116826669863,0.0,,False,False,0.0009680546972596793,13.748383268102845,0.247902340946012,,7009,0.64,0.4341463835623894,2.4728675332295533,0
walk,stand,0.3567817873255723,0.0,,False,False,0.00015500191353989357,11.4514581933566,0.38835507068974684,,7010,0.16,0.30796559978396276,2.759989361422364,0
walk,stand,0.5622301795329494,0.0,,False,False,0.0003673993351297372,11.57186598602472,0.6253089079485674,,7011,0.5,0.542844094305404,2.3443350617857766,0
walk,stand,0.4678340925324488,0.0,,False,False,1.3295813019875755e-05,8.069836613765403,0.4933143698878688,,7012,0.18,0.43707887847033944,3.4099277742494185,0
walk,stand,0.47490655797258907,0.0,,False,False,-5.7719542097520255e-05,7.819106529658928,0.9793152564901513,,7013,0.16,0.48771516938670717,3.933578436264648,0
walk,stand,0.4627233071336764,0.0,,False,False,0.00031110417378172196,7.974738128467067,0.05236768968293211,,7014,0.28,0.4786061283271708,3.572449708155725,0
walk,stand,0.36443628881179124,0.0,,False,False,0.0003696022722349891,7.846280098312497,0.1810455653540758,,7015,0.26,0.3567493031761743,2.3901831330543057,0
walk,stand,0.4706414497632334,0.0,,False,False,0.0005579730593028262,11.478316596151727,0.822823799158213,,7016,0.48,0.4734036640853529,3.39158012384392,0
walk,stand,0.43463487978173204,0.0,,False,False,0.0002072245551889322,7.784277663497673,0.013751157679954717,,7017,0.14,0.44951336687587873,3.6296667063546715,0
walk,stand,0.5605848134574674,0.0,,False,False,0.0001417103396677707,13.820001746114393,0.3788346742523837,,7018,0.32,0.524588367646803,2.7728648551046957,0
walk,stand,0.3711836141815178,0.0,,False,False,-5.323580772465819e-05,7.95732607848897,0.622769247314962,,7019,0.22,0.3707332011580853,2.1588640026731296,0
walk,stand,0.5075773426227208,0.0,,False,False,0.00040735283360141103,9.131880900334542,0.23333701819968705,,7020,0.48,0.5058648040987653,2.4403782626218713,0
walk,stand,0.5882938556665516,0.0,,False,False,0.0005065748723017103,14.926768319770455,0.9244339602769391,,7021,0.56,0.5933230178250248,4.061345402056098,0
walk,stand,0.4340887138374979,0.0,,False,False,0.00027791731445269585,7.912464522127455,0.0430533385977383,,7022,0.26,0.4483773212699823,3.5583648881622416,0
walk,stand,0.5183809891645426,0.0,,False,False,0.00038092436227597234,9.568057685690091,0.2253658243318875,,7023,0.46,0.5184411950929517,2.442864688583607,0
walk,stand,0.4856174554134234,0.0,,False,False,0.0003857657453811435,8.054421175322336,0.033750588451502805,,7024,0.26,0.5079281372582083,3.7951238454687215,0
walk,stand,0.5652192531962406,0.0,,False,False,0.00045525306692989297,7.486490012516715,0.6472440274949731,,7025,0.32,0.5479358170659459,2.4696240807771113,0
walk,stand,0.31959088340906067,0.0,,False,False,0.0005542563467275156,8.173732579331057,0.12095161123414724,,7026,0.26,0.2964324917131868,2.6155352356550607,0
walk,stand,0.41437168857135376,0.0,,False,False,0.00021482468522665023,7.736408499434261,0.010655194826859615,,7027,0.14,0.4254441902867302,3.569504565447835,0
walk,stand,0.468785497845157,0.0,,False,False,0.0001477230990222826,10.724371908954108,0.8796795466692717,,7028,0.34,0.45740636795873824,3.7129365479431247,0
walk,stand,0.4687355408943411,0.0,,False,False,0.00027059453503001983,10.220773720729383,0.28659572611338,,7029,0.3,0.4506054042706296,2.491069655522129,0
walk,stand,0.3455511209030169,0.0,,False,False,0.00020774136536812085,8.216423815935608,0.5455268789360042,,7030,0.16,0.3252000333301514,2.5244448816219,0
walk,stand,0.4326501604689543,0.0,,False,False,0.0003737396096516251,7.837713061162734,0.11334705168809803,,7031,0.3,0.4107111844092678,2.899223348915225,0
walk,stand,0.5289696211752936,0.0,,False,False,0.0005723781242931457,10.714723307731854,0.25932472112806204,,7032,0.44,0.524546397024193,2.4436423957496665,0
walk,stand,0.41589345211726186,0.0,,False,False,0.00025498184226213633,7.947962199170453,0.2088984896403155,,7033,0.36,0.4150521797481442,2.3571954747178485,0
walk,stand,0.4588961599133269,0.0,,False,False,-1.1402430005390585e-05,12.263491465567384,0.3899808617359769,,7034,0.16,0.4108650058058634,2.935802002427207,0
walk,stand,0.39421666468586836,0.0,,False,False,0.00028907817140386556,8.527921851386905,0.9379434753090177,,7035,0.38,0.39182589316620986,3.7169146583099755,0
walk,stand,0.329544581281394,0.0,,False,False,0.0006365204601857922,7.769943644382209,0.10291768985173158,,7036,0.26,0.31067681316430035,2.7138588178753724,0
walk,stand,0.5788943911885738,0.0,,False,False,0.00018032968315811665,7.632829097993296,0.7177703073558104,,7037,0.38,0.5855636257084585,2.9568591462058267,0
walk,stand,0.37478318341568395,0.0,,False,False,9.417988907553101e-06,7.872765838324826,0.5888822183486613,,7038,0.2,0.3558081301155003,2.235542402203874,0
walk,stand,0.46141253949707095,0.0,,False,False,0.0001150799665668665,10.133831304757342,0.7148485071723261,,7039,0.4,0.47765374599230104,2.745899769626622,0
walk,stand,0.5499365220574319,0.0,,False,False,-0.00021437620192843226,12.22404217003804,0.723878346398382,,7040,0.24,0.5602093102030635,2.991979517025236,0
walk,stand,0.5400536271664782,0.0,,False,False,0.00044316333257004713,7.825445710225453,0.574737744122936,,7041,0.34,0.5243393660713559,2.613087918770348,0
walk,stand,0.4034739317446357,0.0,,False,False,0.00018523689940736044,8.797732217614595,0.4611794524911874,,7042,0.14,0.37162123779370293,3.047772053236909,0
walk,stand,0.5860676885217467,0.0,,False,False,0.0004073563374257128,7.631268278635799,0.5706991517038076,,7043,0.38,0.5698329591296893,2.717554010553637,0
walk,stand,0.5495025735747732,0.0,,False,False,0.0001371590651822645,9.232620689856574,0.2719056759353904,,7044,0.32,0.542445093199296,2.399944597993613,0
walk,stand,0.49133872442683774,0.0,,False,False,-8.331306177171979e-05,8.915652039255464,0.7687687296573149,,7045,0.32,0.5063513992583087,3.1412805903239955,0
walk,stand,0.4301050389985691,0.0,,False,False,0.000520777111400501,10.54005741363078,0.8964196694051052,,7046,0.48,0.4144772894988559,3.6494554113928084,0
walk,stand,0.4275046630631706,0.0,,False,False,0.00018812054033084404,12.049230470302133,0.9190566398163795,,7047,0.46,0.4202215298259212,3.644227163813075,0
walk,stand,0.37546176826442257,0.0,,False,False,-0.00011041962941520487,7.822865838823462,0.6218837653798865,,7048,0.2,0.3744197202343235,2.149449649659894,0
walk,stand,0.541152213465229,0.0,,False,False,0.0005175026744442218,12.501128483571213,0.3129164879704351,,7049,0.62,0.5199460395850377,2.5442442059331345,0
walk,stand,0.44124206151515,0.0,,False,False,0.00028943028272524455,8.427521095006588,0.25197153007027073,,7000,0.2,0.43531046334512485,2.464951830376865,10
walk,stand,0.5314281874292841,0.0,,False,False,0.0003421450278800767,8.086079572817399,0.9033113134846849,,7001,0.38,0.5236063573283098,3.9254809904141834,10
walk,stand,0.4554596801174362,0.0,,False,False,0.00037258426841360923,8.206230793060834,0.2714010639404576,,7002,0.4,0.4454619270149414,2.338920210553639,10
walk,stand,0.4539899395926182,0.0,,False,False,0.00015967081871830276,7.85720146411299,0.4617175646490286,,7003,0.36,0.4251719717421531,3.1741844248329976,10
walk,stand,0.5112999483100555,0.0,,False,False,0.00038575214749337917,8.010019490093148,0.6399243469492637,,7004,0.38,0.49721695710206293,2.443020093836526,10
walk,stand,0.35512329166487644,0.0,,False,False,0.0003197707209180527,8.223217410245336,0.5102777980311557,,7005,0.44,0.33371565214321375,2.858783737956421,10
walk,stand,0.4019074558121564,0.0,,False,False,3.1092114620771526e-05,9.413738050349576,0.9094772125225792,,7006,0.3,0.38959905254333976,3.5125855202703438,10
walk,stand,0.3345171827247623,0.0,,False,False,3.234987136075801e-05,9.314214931436736,0.09207327230135683,,7007,0.4,0.3148604917893266,2.8257212781866783,10
walk,stand,0.5629638846939471,0.0,,False,False,9.965301107950018e-05,8.973135597863934,0.7274835708366298,,7008,0.22,0.572495520086838,3.0570881457616,10
walk,stand,0.440116826669863,0.0,,False,False,0.0002890160367938197,8.419896939085945,0.247902340946012,,7009,0.2,0.4341463835623894,2.4728675332295533,10
walk,stand,0.3567817873255723,0.0,,False,False,0.0005982029569771906,7.832722896707217,0.38835507068974684,,7010,0.44,0.30796559978396276,2.759989361422364,10
walk,stand,0.5622301795329494,0.0,,False,False,0.00047953688638269665,7.939381409585823,0.6253089079485674,,7011,0.42,0.542844094305404,2.3443350617857766,10
walk,stand,0.4678340925324488,0.0,,False,False,0.0004416133162240405,7.756012415222309,0.4933143698878688,,7012,0.44,0.43707887847033944,3.4099277742494185,10
walk,stand,0.47490655797258907,0.0,,False,False,0.00035770083549906904,8.251733738281047,0.9793152564901513,,7013,0.44,0.48771516938670717,3.933578436264648,10
walk,stand,0.4627233071336764,0.0,,False,False,0.00035370416685749916,8.172003472905995,0.05236768968293211,,7014,0.44,0.4786061283271708,3.572449708155725,10
walk,stand,0.36443628881179124,0.0,,False,False,0.0001272625785259674,9.198863377751136,0.1810455653540758,,7015,0.38,0.3567493031761743,2.3901831330543057,10
walk,stand,0.4706414497632334,0.0,,False,False,-4.91773909631002e-05,9.32475962772141,0.822823799158213,,7016,0.22,0.4734036640853529,3.39158012384392,10
walk,stand,0.43463487978173204,0.0,,False,False,0.0002887633344395527,8.318153348390833,0.013751157679954717,,7017,0.36,0.44951336687587873,3.6296667063546715,10
walk,stand,0.5605848134574674,0.0,,False,False,0.00043661526701361706,7.877112364420343,0.3788346742523837,,7018,0.44,0.524588367646803,2.7728648551046957,10
walk,stand,0.3711836141815178,0.0,,False,False,0.00038556402363804315,8.111893669045902,0.622769247314962,,7019,0.4,0.3707332011580853,2.1588640026731296,10
walk,stand,0.5075773426227208,0.0,,False,False,0.00028322247042604216,8.376983612022014,0.23333701819968705,,7020,0.4,0.5058648040987653,2.4403782626218713,10
walk,stand,0.5882938556665516,0.0,,False,False,0.00014854205881551804,8.382054243181356,0.9244339602769391,,7021,0.6,0.5933230178250248,4.061345402056098,10
walk,stand,0.4340887138374979,0.0,,False,False,0.0003383132299890224,8.346287080675996,0.0430533385977383,,7022,0.38,0.4483773212699823,3.5583648881622416,10
walk,stand,0.5183809891645426,0.0,,False,False,0.0002622052541707007,8.405402877925276,0.2253658243318875,,7023,0.38,0.5184411950929517,2.442864688583607,10
walk,stand,0.4856174554134234,0.0,,False,False,0.0007021045551532514,7.831137565968648,0.033750588451502805,,7024,0.46,0.5079281372582083,3.7951238454687215,10
walk,stand,0.5652192531962406,0.0,,False,False,0.0003315530841162188,8.068360388534124,0.6472440274949731,,7025,0.22,0.5479358170659459,2.4696240807771113,10
walk,stand,0.31959088340906067,0.0,,False,False,5.2179493017219765e-05,9.234920909257081,0.12095161123414724,,7026,0.4,0.2964324917131868,2.6155352356550607,10
walk,stand,0.41437168857135376,0.0,,False,False,0.00016431227593111748,9.200635578991943,0.010655194826859615,,7027,0.22,0.4254441902867302,3.569504565447835,10
walk,stand,0.468785497845157,0.0,,False,False,0.00020150605076337902,8.868963996370656,0.8796795466692717,,7028,0.22,0.45740636795873824,3.7129365479431247,10
walk,stand,0.4687355408943411,0.0,,False,False,0.00043684130625917973,8.087636896686828,0.28659572611338,,7029,0.42,0.4506054042706296,2.491069655522129,10
walk,stand,0.3455511209030169,0.0,,False,False,0.00029727404934659895,8.349923148722244,0.5455268789360042,,7030,0.42,0.3252000333301514,2.5244448816219,10
walk,stand,0.4326501604689543,0.0,,False,False,-5.24576732664388e-06,9.40291130581366,0.11334705168809803,,7031,0.38,0.4107111844092678,2.899223348915225,10
walk,stand,0.5289696211752936,0.0,,False,False,0.0004727361311204455,7.972776561834213,0.25932472112806204,,7032,0.42,0.524546397024193,2.4436423957496665,10
walk,stand,0.41589345211726186,0.0,,False,False,0.00014420438507820006,9.11431579504495,0.2088984896403155,,7033,0.2,0.4150521797481442,2.3571954747178485,10
walk,stand,0.4588961599133269,0.0,,False,False,0.0003985899885646302,7.954417806251979,0.3899808617359769,,7034,0.42,0.4108650058058634,2.935802002427207,10
walk,stand,0.39421666468586836,0.0,,False,False,3.7343968016548326e-05,9.378132971508327,0.9379434753090177,,7035,0.3,0.39182589316620986,3.7169146583099755,10
walk,stand,0.329544581281394,0.0,,False,False,4.4447644478067996e-05,9.30136745214775,0.10291768985173158,,7036,0.4,0.31067681316430035,2.7138588178753724,10
walk,stand,0.5788943911885738,0.0,,False,False,9.74657083098167e-05,8.931718757188817,0.7177703073558104,,7037,0.22,0.5855636257084585,2.9568591462058267,10
walk,stand,0.37478318341568395,0.0,,False,False,0.0004457821978529293,7.868097171596637,0.5888822183486613,,7038,0.44,0.3558081301155003,2.235542402203874,10
walk,stand,0.46141253949707095,0.0,,False,False,5.629970364925503e-05,9.205418816615193,0.7148485071723261,,7039,0.22,0.47765374599230104,2.745899769626622,10
walk,stand,0.5499365220574319,0.0,,False,False,0.00010513581601413008,8.993079315003033,0.723878346398382,,7040,0.22,0.5602093102030635,2.991979517025236,10
walk,stand,0.5400536271664782,0.0,,False,False,0.0005195562363576239,8.016542795205957,0.574737744122936,,7041,0.46,0.5243393660713559,2.613087918770348,10
walk,stand,0.4034739317446357,0.0,,False,False,0.00030341046853613426,7.924757920043052,0.4611794524911874,,7042,0.42,0.37162123779370293,3.047772053236909,10
walk,stand,0.5860676885217467,0.0,,False,False,0.00048614662788108845,7.713779743237707,0.5706991517038076,,7043,0.48,0.5698329591296893,2.717554010553637,10
walk,stand,0.5495025735747732,0.0,,False,False,0.0006474208332383675,7.834804920835604,0.2719056759353904,,7044,0.46,0.542445093199296,2.399944597993613,10
walk,stand,0.49133872442683774,0.0,,False,False,-2.958192568319595e-05,9.476479523062729,0.7687687296573149,,7045,0.42,0.5063513992583087,3.1412805903239955,10
walk,stand,0.4301050389985691,0.0,,False,False,0.00012402316353284177,9.318950467246045,0.8964196694051052,,7046,0.3,0.4144772894988559,3.6494554113928084,10
walk,stand,0.4275046630631706,0.0,,False,False,0.0002150406670270755,9.321089266989933,0.9190566398163795,,7047,0.36,0.4202215298259212,3.644227163813075,10
walk,stand,0.37546176826442257,0.0,,False,False,0.00038731715395834356,8.108575304644761,0.6218837653798865,,7048,0.4,0.3744197202343235,2.149449649659894,10
walk,stand,0.541152213465229,0.0,,False,False,0.0006545782642832102,7.731882000500604,0.3129164879704351,,7049,0.46,0.5199460395850377,2.5442442059331345,10
walk,run,0.44124206151515,1.7574420660296068,,False,False,1.7498894968895373,7.596656282706332,0.25197153007027073,,7000,0.36,0.43531046334512485,2.464951830376865,
walk,run,0.5314281874292841,2.0763821520807673,,False,False,2.053150209206558,11.0096446938884,0.9033113134846849,,7001,0.4,0.5236063573283098,3.9254809904141834,
walk,run,0.4554596801174362,2.2168444091466597,,False,False,2.203793282084404,7.300836173307946,0.2714010639404576,,7002,0.44,0.4454619270149414,2.338920210553639,
walk,run,0.4539899395926182,1.5102338642658273,,False,False,1.4897526416699043,10.191744159172273,0.4617175646490286,,7003,0.32,0.4251719717421531,3.1741844248329976,
walk,run,0.5112999483100555,1.7053110529562878,,False,False,1.6846577320871625,7.524452750134735,0.6399243469492637,,7004,0.26,0.49721695710206293,2.443020093836526,
walk,run,0.35512329166487644,2.140301036368305,,False,False,2.1318512861335224,6.504894084915682,0.5102777980311557,,7005,0.5,0.33371565214321375,2.858783737956421,
walk,run,0.4019074558121564,2.335144391360639,,False,False,2.368767520870492,14.732552688304436,0.9094772125225792,,7006,0.64,0.38959905254333976,3.5125855202703438,
walk,run,0.3345171827247623,2.3563586773938,,False,False,2.37190989519917,9.744359971630129,0.09207327230135683,,7007,0.6,0.3148604917893266,2.8257212781866783,
walk,run,0.5629638846939471,1.862657342800428,,False,False,1.8442653625623135,7.969203474089944,0.7274835708366298,,7008,0.34,0.572495520086838,3.0570881457616,
walk,run,0.440116826669863,2.0705391547031224,,False,False,2.0590644360246504,8.319377633440046,0.247902340946012,,7009,0.44,0.4341463835623894,2.4728675332295533,
walk,run,0.3567817873255723,2.083718781813189,,False,False,2.0700698330493874,12.235855157362982,0.38835507068974684,,7010,0.56,0.30796559978396276,2.759989361422364,
walk,run,0.5622301795329494,1.8771015954417598,,False,False,1.8613086719671923,7.85520511529842,0.6253089079485674,,7011,0.36,0.542844094305404,2.3443350617857766,
walk,run,0.4678340925324488,1.6619452907229966,,False,False,1.6078933784087794,6.445153371845826,0.4933143698878688,,7012,0.3,0.43707887847033944,3.4099277742494185,
walk,run,0.47490655797258907,1.7342276277999953,,False,False,1.6966604494024253,12.040319073928542,0.9793152564901513,,7013,0.28,0.48771516938670717,3.933578436264648,
walk,run,0.4627233071336764,1.8988760145963066,,False,False,1.8751745233260058,10.710461290376376,0.05236768968293211,,7014,0.4,0.4786061283271708,3.572449708155725,
walk,run,0.36443628881179124,1.6151447040503193,,False,False,1.5665708005791508,7.907113084460033,0.1810455653540758,,7015,0.36,0.3567493031761743,2.3901831330543057,
walk,run,0.4706414497632334,1.7924781386950355,,False,False,1.768872160936965,7.150555642228982,0.822823799158213,,7016,0.32,0.4734036640853529,3.39158012384392,
walk,run,0.43463487978173204,2.4983653110977304,,False,False,2.475748243701407,7.805670992489883,0.013751157679954717,,7017,0.6,0.44951336687587873,3.6296667063546715,
walk,run,0.5605848134574674,2.4817317437612814,,False,False,2.4655333286455248,8.770282102523025,0.3788346742523837,,7018,0.64,0.524588367646803,2.7728648551046957,
walk,run,0.3711836141815178,2.180032743757763,,False,False,2.1731425500693313,7.146152528647462,0.622769247314962,,7019,0.48,0.3707332011580853,2.1588640026731296,
walk,run,0.5075773426227208,2.2386255146487466,,False,False,2.2372862796965034,8.173667711541178,0.23333701819968705,,7020,0.44,0.5058648040987653,2.4403782626218713,
walk,run,0.5882938556665516,1.8003340266926031,,False,False,1.7525620146271386,12.198344403188216,0.9244339602769391,,7021,0.3,0.5933230178250248,4.061345402056098,
walk,run,0.4340887138374979,1.6291468130430937,,False,False,1.572518154887698,9.201522947671673,0.0430533385977383,,7022,0.38,0.4483773212699823,3.5583648881622416,
walk,run,0.5183809891645426,2.261807369898725,,False,False,2.255247692622641,8.405380844476097,0.2253658243318875,,7023,0.44,0.5184411950929517,2.442864688583607,
walk,run,0.4856174554134234,2.0075241170915863,,False,False,2.001998006611281,10.77665323636201,0.033750588451502805,,7024,0.4,0.5079281372582083,3.7951238454687215,
walk,run,0.5652192531962406,2.3543737981596857,,False,False,2.380217110305411,7.1993700151784275,0.6472440274949731,,7025,0.46,0.5479358170659459,2.4696240807771113,
walk,run,0.31959088340906067,2.388700281492525,,False,False,2.351779795127633,8.880163115605374,0.12095161123414724,,7026,0.58,0.2964324917131868,2.6155352356550607,
walk,run,0.41437168857135376,1.8360255855910972,,False,False,1.823583278270812,9.909261097095225,0.010655194826859615,,7027,0.38,0.4254441902867302,3.569504565447835,
walk,run,0.468785497845157,2.2397791541699825,,False,False,2.206303075953009,7.341151999442408,0.8796795466692717,,7028,0.4,0.45740636795873824,3.7129365479431247,
walk,run,0.4687355408943411,2.3310111433487704,,False,False,2.270183888037745,6.861101407671326,0.28659572611338,,7029,0.44,0.4506054042706296,2.491069655522129,
walk,run,0.3455511209030169,1.577648177735529,,False,False,1.5820198070797613,9.554185942928656,0.5455268789360042,,7030,0.3,0.3252000333301514,2.5244448816219,
walk,run,0.4326501604689543,1.8155921352243227,,False,False,1.7638381737360427,10.328286645183066,0.11334705168809803,,7031,0.4,0.4107111844092678,2.899223348915225,
walk,run,0.5289696211752936,2.0091873738044774,,False,False,2.009698438535605,7.069378996302376,0.25932472112806204,,7032,0.36,0.524546397024193,2.4436423957496665,
walk,run,0.41589345211726186,2.137127508624758,,False,False,2.1270009562081547,9.246534648928401,0.2088984896403155,,7033,0.46,0.4150521797481442,2.3571954747178485,
walk,run,0.4588961599133269,2.457372698681345,,False,False,2.4468733016970505,10.308455225324737,0.3899808617359769,,7034,0.74,0.4108650058058634,2.935802002427207,
walk,run,0.39421666468586836,2.4192387192738742,,False,False,2.3930947659363984,15.937536563136137,0.9379434753090177,,7035,0.64,0.39182589316620986,3.7169146583099755,
walk,run,0.329544581281394,2.113320285803166,,False,False,2.1284336470403953,10.868360981791287,0.10291768985173158,,7036,0.5,0.31067681316430035,2.7138588178753724,
walk,run,0.5788943911885738,1.5276265961899265,,False,False,1.5030972626773635,8.016503780609645,0.7177703073558104,,7037,0.24,0.5855636257084585,2.9568591462058267,
walk,run,0.37478318341568395,2.2083356612162524,,False,False,2.1979084494232866,8.070397399067293,0.5888822183486613,,7038,0.5,0.3558081301155003,2.235542402203874,
walk,run,0.46141253949707095,1.9628991915244973,,False,False,1.929851826030339,8.688056182677549,0.7148485071723261,,7039,0.34,0.47765374599230104,2.745899769626622,
walk,run,0.5499365220574319,2.125947536518124,,False,False,2.1065327779476863,7.753222576860117,0.723878346398382,,7040,0.44,0.5602093102030635,2.991979517025236,
walk,run,0.5400536271664782,2.0048053184212486,,False,False,2.0082919079274375,8.676181068295689,0.574737744122936,,7041,0.38,0.5243393660713559,2.613087918770348,
walk,run,0.4034739317446357,2.319196672378528,,False,False,2.359265366318157,7.651637474831155,0.4611794524911874,,7042,0.52,0.37162123779370293,3.047772053236909,
walk,run,0.5860676885217467,2.2401971053277423,,False,False,2.220191149239931,7.808743429786036,0.5706991517038076,,7043,0.5,0.5698329591296893,2.717554010553637,
walk,run,0.5495025735747732,2.2620226235956595,,False,False,2.237041697034593,6.746856059864663,0.2719056759353904,,7044,0.42,0.542445093199296,2.399944597993613,
walk,run,0.49133872442683774,2.3481356232305206,,False,False,2.386049065434353,8.453605229364834,0.7687687296573149,,7045,0.66,0.5063513992583087,3.1412805903239955,
walk,run,0.4301050389985691,2.2292131664364754,,False,False,2.220808861535923,12.585199335490561,0.8964196694051052,,7046,0.54,0.4144772894988559,3.6494554113928084,
walk,run,0.4275046630631706,2.436946717875447,,False,False,2.3981166362909287,15.16148482694551,0.9190566398163795,,7047,0.64,0.4202215298259212,3.644227163813075,
walk,run,0.37546176826442257,1.53718844115877,,False,False,1.5178669741158546,9.295484497427365,0.6218837653798865,,7048,0.28,0.3744197202343235,2.149449649659894,
walk,run,0.541152213465229,1.7326997968775046,,False,False,1.708438604667906,9.226983788667695,0.3129164879704351,,7049,0.34,0.5199460395850377,2.5442442059331345,
run,walk,2.327496197951321,0.5763204254684449,,False,False,0.5653355925930847,11.268158897891283,0.6417475011226116,,7000,0.86,2.367320945673032,4.609610513001543,
run,walk,2.2388400134258255,0.48613792292211533,,False,False,0.48030875929595573,12.467352610056729,0.8071105991414456,,7001,0.8200000000000001,2.2608798432888166,1.6594295322660855,
run,walk,2.2205483091887386,0.3423814415087075,,False,False,0.3317678027372907,18.376810111262348,0.6191018852566538,,7002,0.9400000000000001,2.2212247206197575,5.289099964093627,
run,walk,1.6563509199193982,0.4901649272918189,,False,False,0.4798325299354993,11.86654430968264,0.41295010256380293,,7003,0.7000000000000001,1.618869414874386,3.94885157810317,
run,walk,1.8382239844582013,0.5790988039857585,,False,False,0.5717632720999635,8.082072528330865,0.7027972130767935,,7004,0.28,1.9665393400896636,1.124196572028944,
run,walk,2.389233001164239,0.4442938302378304,,False,False,0.4367210826965043,18.776128882601434,0.20687638531928698,,7005,0.76,2.3548327614560427,3.36697434110982,
run,walk,2.2056621080322216,0.3243964033622022,,False,False,0.3162425767107913,20.92752337041852,0.3122425558404124,,7006,0.9,2.1361383975256363,3.4525048844452506,
run,walk,2.317598525871633,0.4813717844840181,,False,False,0.47651245077581095,14.970011443265577,0.024016398048589904,,7007,0.86,2.3311623435113513,2.389837730923276,
run,walk,2.4541501285798035,0.44926963625554267,,False,False,0.43349304893744517,26.276971325365448,0.5977993551734272,,7008,1.0,2.399680529590807,5.728842863679598,
run,walk,1.9233801405575517,0.4157471563008533,,False,False,0.40858052106439374,7.062933206168755,0.8805211983470747,,7009,0.68,1.8239267024096406,0.8626779736026841,
run,walk,1.8023393360816853,0.52042080211808,,False,False,0.5107027822285469,12.560491785432445,0.4109993145610889,,7010,0.7000000000000001,1.7310495510754966,5.998577880289723,
run,walk,2.0134249468049834,0.4658100404685178,,False,False,0.4570239908577495,10.214477237019212,0.786932584522861,,7011,0.76,2.0194117399197156,2.283430212917522,
run,walk,2.248234122533968,0.4548697380875905,,False,False,0.446439463898422,15.745615867044268,0.18243656469710384,,7012,0.72,2.1552043204878606,3.527441296775147,
run,walk,2.2375093013831977,0.3194352016402751,,False,False,0.31424936725310476,16.61734086631118,0.701373297121294,,7013,0.92,2.229550126351562,5.63598319774259,
run,walk,2.221200427929742,0.4231706039429047,,False,False,0.40927707766602545,18.79620472819895,0.45284228293716716,,7014,1.04,2.2681352147369216,4.337852412412881,
run,walk,2.2817323883530483,0.4090401876582932,,False,False,0.4008518726121265,13.90899756460703,0.9996131343076661,,7015,1.0,2.3222823572533704,2.4752502572067847,
run,walk,1.8340080987255063,0.5377831546298103,,False,False,0.5331380767027539,7.8775352963946865,0.8268723915112429,,7016,0.62,1.7494063345332544,0.3686547373767805,
run,walk,1.781396306887105,0.40911643872037956,,False,False,0.40082860575651724,8.871134889851641,0.7958965558290403,,7017,0.7000000000000001,1.744754010811438,0.922346300846177,
run,walk,2.1027593618292335,0.4586356587883779,,False,False,0.44850627809727217,14.038045401996431,0.23799790483021238,,7018,0.72,2.0793557775539475,4.761809116790745,
run,walk,2.0818674131412687,0.3912318308172883,,False,False,0.38333231472295176,15.110525170097155,0.265435164002351,,7019,0.74,2.070185525118924,3.0421161220237884,
run,walk,1.7634479538053645,0.5219262741500682,,False,False,0.5149222062201949,8.180277811088255,0.04305912717347837,,7020,0.66,1.7527603760186903,2.651776468715212,
run,walk,1.5469994317967317,0.5672258795996841,,False,False,0.5594411295874496,7.156049885868145,0.38147036923228117,,7021,0.62,1.4372603288773083,3.680548754552715,
run,walk,1.5220710023969228,0.46164467345639704,,False,False,0.4538578191715738,10.345735308576005,0.25901071336278525,,7022,0.72,1.4997646750596005,2.3376993905581416,
run,walk,2.4017653315523586,0.5523604750049792,,False,False,0.5466848935091678,10.316496258082397,0.8322049600633667,,7023,0.7000000000000001,2.360031226092723,4.401188228517898,
run,walk,1.6586273118846102,0.5077917326565357,,False,False,0.5038299599808509,5.562214404807264,0.06454973718531411,,7024,0.6,1.6093115017261637,4.032149140384395,
run,walk,2.4232146033475224,0.393652884936503,,False,False,0.38493686981620806,20.413913180965057,0.6704246127182647,,7025,0.9400000000000001,2.4092691164200595,5.555762202960587,
run,walk,2.316948325453831,0.5105066465870409,,False,False,0.5055671543730864,16.15042207166454,0.12799742999342928,,7026,0.7000000000000001,2.2817304994812697,3.0405731253289288,
run,walk,1.8482433114124928,0.5593255445246077,,False,False,0.5563940514766637,7.988834652496209,0.1510096619865596,,7027,0.6,1.7778309496019937,3.9682587477271642,
run,walk,1.6772669390657413,0.3488439033786862,,False,False,0.3413126364676728,8.000247665034758,0.02455321375160824,,7028,0.76,1.6387276806123623,2.796062495080555,
run,walk,2.0524619431312843,0.3580560399159141,,False,False,0.34470688436068264,9.540106441472329,0.6434658626263356,,7029,0.76,2.1105761821374007,2.1122560838502102,
run,walk,1.6102271698001673,0.5114674893326684,,False,False,0.5022986574253163,10.104857952002813,0.37775350528104923,,7030,0.68,1.4533212151486865,5.142886292282053,
run,walk,1.835803477525246,0.5978295709884371,,False,False,0.5957190049001465,9.822133676886942,0.22846433414259987,,7031,0.66,1.8281005273631707,3.000190756394938,
run,walk,2.300665806804429,0.345451469882599,,False,False,0.33030059054773586,29.176340230904394,0.5315592524042193,,7032,1.2,2.3454058602359353,4.353634650648793,
run,walk,1.548112428049047,0.5243549448689244,,False,False,0.5148831612394553,6.0357366008575735,0.6291200406663683,,7033,0.26,1.6491675946115008,1.538232944414632,
run,walk,1.8232275638518258,0.49328295965487806,,False,False,0.48168531178184376,10.569203955601061,0.5269208601713692,,7034,0.58,1.857351819598601,3.814070521663896,
run,walk,2.125850949965842,0.5110894053157454,,False,False,0.5052833841807837,10.45934600067259,0.8056342701006493,,7035,0.74,2.1329126672825,1.5337251897529354,
run,walk,1.9479230838330552,0.4230664067312806,,False,False,0.4146388623501895,9.699550899468933,0.9989992712933283,,7036,0.76,1.8822122232859657,2.3251414306489617,
run,walk,1.832354581890627,0.44089822924590627,,False,False,0.4339012953410859,7.914644988371265,0.9782512649045739,,7037,0.68,1.7577958155563127,1.7688463210315923,
run,walk,1.5675272297635057,0.5020738235267947,,False,False,0.4943631347159843,6.630842706973144,0.09620049828712396,,7038,0.62,1.5313013244322726,3.7731409296710297,
run,walk,1.64218301992537,0.34184379770488127,,False,False,0.336013061290724,8.806067730684376,0.7477578723036463,,7039,0.72,1.6528543237616429,2.0254762759394542,
run,walk,2.4004262983673126,0.5534108984542204,,False,False,0.5503838115913782,19.06326932403429,0.15444466256959372,,7040,0.76,2.41672966757994,2.83608457994265,
run,walk,2.4047027312032503,0.38948117262374393,,False,False,0.38251806762383395,17.61938557313233,0.059142240590567274,,7041,0.98,2.334271077558454,2.9088383532793896,
run,walk,2.458685846843325,0.40970561652474835,,False,False,0.3976408633740253,32.85368661834933,0.5633791367935276,,7042,1.32,2.462378463992644,4.613849804462602,
run,walk,2.1673332147220723,0.5609310827159242,,False,False,0.5557052368366832,9.116978604510093,0.8315117472750986,,7043,0.68,2.145565738339023,2.86372124760958,
run,walk,1.7311451088601606,0.544920102081959,,False,False,0.5392171950706421,7.7759103956279,0.8488740573999947,,7044,0.62,1.6118802019806513,0.9047628627333751,
run,walk,2.229941890220316,0.5687612843119889,,False,False,0.5609079397908633,16.810284801380945,0.2960130978056492,,7045,0.72,2.2733980513152834,4.403323000846653,
run,walk,2.0296536257692375,0.43670780524087827,,False,False,0.4299561851759281,13.351457979883973,0.21849293162821726,,7046,0.72,2.023796566534828,4.019332325293379,
run,walk,1.7104637337087967,0.5795675742452228,,False,False,0.5707224765918044,11.401227545934418,0.4518152608784968,,7047,0.66,1.6682370086082108,4.7627308697362665,
run,walk,2.3897762248070475,0.4131511684997871,,False,False,0.4052897363046041,20.687882615699134,0.2662918836797139,,7048,0.74,2.39174761401572,4.2114259664384175,
run,walk,1.770097768729273,0.3200524550615561,,False,False,0.31201081793026636,9.255456218285461,0.11832656484109735,,7049,0.74,1.7359249813965492,3.5318241810270017,
run,stand,2.327496197951321,0.0,15,True,False,1.944214867238156,60.282799823195845,0.6417475011226116,tilt,7000,,2.367320945673032,4.609610513001543,0
run,stand,2.2388400134258255,0.0,32,True,False,1.1217766585439894,61.22123762510464,0.8071105991414456,tilt,7001,,2.2608798432888166,1.6594295322660855,0
run,stand,2.2205483091887386,0.0,,False,False,0.00014018323272569283,21.456018714521477,0.6191018852566538,,7002,0.98,2.2212247206197575,5.289099964093627,0
run,stand,1.6563509199193982,0.0,,False,False,0.00046543314823971826,16.117019140624567,0.41295010256380293,,7003,0.84,1.618869414874386,3.94885157810317,0
run,stand,1.8382239844582013,0.0,,False,False,0.0002903818627885256,25.15404474835574,0.7027972130767935,,7004,0.98,1.9665393400896636,1.124196572028944,0
run,stand,2.389233001164239,0.0,,False,False,0.00044913240163568026,24.399324739737754,0.20687638531928698,,7005,1.5,2.3548327614560427,3.36697434110982,0
run,stand,2.2056621080322216,0.0,,False,False,0.0008026739910805196,19.762180471538684,0.3122425558404124,,7006,1.42,2.1361383975256363,3.4525048844452506,0
run,stand,2.317598525871633,0.0,,False,False,0.000761778586533095,25.350850855231016,0.024016398048589904,,7007,1.48,2.3311623435113513,2.389837730923276,0
run,stand,2.4541501285798035,0.0,24,True,False,1.5284977175099836,61.219007131459065,0.5977993551734272,tilt,7008,,2.399680529590807,5.728842863679598,0
run,stand,1.9233801405575517,0.0,10,True,False,1.696003838367082,70.31737387760083,0.8805211983470747,tilt,7009,,1.8239267024096406,0.8626779736026841,0
run,stand,1.8023393360816853,0.0,,False,False,0.00027511410078002405,15.19189328018273,0.4109993145610889,,7010,0.8,1.7310495510754966,5.998577880289723,0
run,stand,2.0134249468049834,0.0,36,True,False,0.6439954855852605,65.95272322830115,0.786932584522861,tilt,7011,,2.0194117399197156,2.283430212917522,0
run,stand,2.248234122533968,0.0,,False,False,-4.653815145871848e-05,30.30112039630631,0.18243656469710384,,7012,1.16,2.1552043204878606,3.527441296775147,0
run,stand,2.2375093013831977,0.0,13,True,False,1.095105203341832,61.71735326910851,0.701373297121294,tilt,7013,,2.229550126351562,5.63598319774259,0
run,stand,2.221200427929742,0.0,59,True,False,0.3367702244440249,52.23876909088588,0.45284228293716716,tilt,7014,,2.2681352147369216,4.337852412412881,0
run,stand,2.2817323883530483,0.0,16,True,False,1.9494932316412648,52.011372414648264,0.9996131343076661,trunk_contact,7015,,2.3222823572533704,2.4752502572067847,0
run,stand,1.8340080987255063,0.0,,False,False,0.0008183590315507575,16.371562391653224,0.8268723915112429,,7016,0.86,1.7494063345332544,0.3686547373767805,0
run,stand,1.781396306887105,0.0,,False,False,0.0002828128573847419,10.397787859576178,0.7958965558290403,,7017,0.78,1.744754010811438,0.922346300846177,0
run,stand,2.1027593618292335,0.0,,False,False,0.0004930750217027983,11.155868583877842,0.23799790483021238,,7018,0.5,2.0793557775539475,4.761809116790745,0
run,stand,2.0818674131412687,0.0,,False,False,0.0006090976744892253,23.984948866054072,0.265435164002351,,7019,1.06,2.070185525118924,3.0421161220237884,0
run,stand,1.7634479538053645,0.0,33,True,False,0.7084881021334472,66.37106593730441,0.04305912717347837,tilt,7020,,1.7527603760186903,2.651776468715212,0
run,stand,1.5469994317967317,0.0,,False,False,-8.419304309874739e-05,17.950557879202265,0.38147036923228117,,7021,0.72,1.4372603288773083,3.680548754552715,0
run,stand,1.5220710023969228,0.0,,False,False,0.0004091157400576884,12.494159671281025,0.25901071336278525,,7022,0.78,1.4997646750596005,2.3376993905581416,0
run,stand,2.4017653315523586,0.0,19,True,False,1.43559321630518,63.38745269716502,0.8322049600633667,tilt,7023,,2.360031226092723,4.401188228517898,0
run,stand,1.6586273118846102,0.0,,False,False,0.0003423854893346515,19.97484461729113,0.06454973718531411,,7024,0.8200000000000001,1.6093115017261637,4.032149140384395,0
run,stand,2.4232146033475224,0.0,12,True,False,1.6966361188735744,64.3625682584192,0.6704246127182647,tilt,7025,,2.4092691164200595,5.555762202960587,0
run,stand,2.316948325453831,0.0,,False,False,0.0005498210668838324,14.28408581497336,0.12799742999342928,,7026,0.8,2.2817304994812697,3.0405731253289288,0
run,stand,1.8482433114124928,0.0,,False,False,-9.934064094096264e-05,19.01984911136643,0.1510096619865596,,7027,1.34,1.7778309496019937,3.9682587477271642,0
run,stand,1.6772669390657413,0.0,,False,False,0.000581010315777318,11.856321411529485,0.02455321375160824,,7028,0.74,1.6387276806123623,2.796062495080555,0
run,stand,2.0524619431312843,0.0,22,True,False,0.918860322195398,64.05814380600043,0.6434658626263356,tilt,7029,,2.1105761821374007,2.1122560838502102,0
run,stand,1.6102271698001673,0.0,,False,False,0.0005840900943539193,9.046617149142016,0.37775350528104923,,7030,0.76,1.4533212151486865,5.142886292282053,0
run,stand,1.835803477525246,0.0,,False,False,0.0008981115745453479,17.34663648715207,0.22846433414259987,,7031,0.9,1.8281005273631707,3.000190756394938,0
run,stand,2.300665806804429,0.0,41,True,False,0.24227577614267135,63.978328064213144,0.5315592524042193,tilt,7032,,2.3454058602359353,4.353634650648793,0
run,stand,1.548112428049047,0.0,,False,False,0.0009170749326236106,17.18475443340486,0.6291200406663683,,7033,0.96,1.6491675946115008,1.538232944414632,0
run,stand,1.8232275638518258,0.0,,False,False,-7.451078708187724e-06,14.84905885787635,0.5269208601713692,,7034,0.84,1.857351819598601,3.814070521663896,0
run,stand,2.125850949965842,0.0,18,True,False,1.3281215401116118,62.05005439799855,0.8056342701006493,tilt,7035,,2.1329126672825,1.5337251897529354,0
run,stand,1.9479230838330552,0.0,,False,False,0.0008193031438903097,17.777298644857314,0.9989992712933283,,7036,1.0,1.8822122232859657,2.3251414306489617,0
run,stand,1.832354581890627,0.0,23,True,False,1.4223635647211859,51.49174354024707,0.9782512649045739,trunk_contact,7037,,1.7577958155563127,1.7688463210315923,0
run,stand,1.5675272297635057,0.0,,False,False,0.00010746883710196149,14.443147572453617,0.09620049828712396,,7038,0.76,1.5313013244322726,3.7731409296710297,0
run,stand,1.64218301992537,0.0,,False,False,3.642844250409311e-05,20.809428377076678,0.7477578723036463,,7039,1.48,1.6528543237616429,2.0254762759394542,0
run,stand,2.4004262983673126,0.0,32,True,False,1.0137793132395374,69.3141464890904,0.15444466256959372,tilt,7040,,2.41672966757994,2.83608457994265,0
run,stand,2.4047027312032503,0.0,17,True,False,1.7094780967605705,63.47144181480902,0.059142240590567274,tilt,7041,,2.334271077558454,2.9088383532793896,0
run,stand,2.458685846843325,0.0,43,True,False,-0.1995765953953813,60.1732729467663,0.5633791367935276,tilt,7042,,2.462378463992644,4.613849804462602,0
run,stand,2.1673332147220723,0.0,28,True,False,0.9549909653811663,60.5005593619213,0.8315117472750986,tilt,7043,,2.145565738339023,2.86372124760958,0
run,stand,1.7311451088601606,0.0,12,True,False,1.6059159835627936,60.896290820188504,0.8488740573999947,tilt,7044,,1.6118802019806513,0.9047628627333751,0
run,stand,2.229941890220316,0.0,,False,False,-3.366651067239475e-05,15.020078826981065,0.2960130978056492,,7045,1.12,2.2733980513152834,4.403323000846653,0
run,stand,2.0296536257692375,0.0,,False,False,0.0003523467025232155,14.764741890918756,0.21849293162821726,,7046,0.96,2.023796566534828,4.019332325293379,0
run,stand,1.7104637337087967,0.0,,False,False,0.000478920275181494,28.885213446738746,0.4518152608784968,,7047,1.08,1.6682370086082108,4.7627308697362665,0
run,stand,2.3897762248070475,0.0,,False,False,0.0001658707215850708,19.674375949443405,0.2662918836797139,,7048,0.66,2.39174761401572,4.2114259664384175,0
run,stand,1.770097768729273,0.0,,False,False,0.00041689782043042385,20.15221743672202,0.11832656484109735,,7049,0.96,1.7359249813965492,3.5318241810270017,0
run,stand,2.327496197951321,0.0,17,True,False,1.3187074523744586,62.859395017239024,0.6417475011226116,tilt,7000,,2.367320945673032,4.609610513001543,10
run,stand,2.2388400134258255,0.0,17,True,False,0.9387658053359816,60.31519089746918,0.8071105991414456,tilt,7001,,2.2608798432888166,1.6594295322660855,10
run,stand,2.2205483091887386,0.0,21,True,False,1.1280412235824733,62.29527790026251,0.6191018852566538,tilt,7002,,2.2212247206197575,5.289099964093627,10
run,stand,1.6563509199193982,0.0,42,True,False,0.28897181021445517,61.48705988910886,0.41295010256380293,tilt,7003,,1.618869414874386,3.94885157810317,10
run,stand,1.8382239844582013,0.0,,False,False,0.00037077908871381305,39.09728487136188,0.7027972130767935,,7004,1.44,1.9665393400896636,1.124196572028944,10
run,stand,2.389233001164239,0.0,14,True,False,1.1822249048395126,62.92972701209273,0.20687638531928698,tilt,7005,,2.3548327614560427,3.36697434110982,10
run,stand,2.2056621080322216,0.0,14,True,False,1.134657696167952,61.67351347828398,0.3122425558404124,tilt,7006,,2.1361383975256363,3.4525048844452506,10
run,stand,2.317598525871633,0.0,15,True,False,1.365579523367263,60.86453928758676,0.024016398048589904,tilt,7007,,2.3311623435113513,2.389837730923276,10
run,stand,2.4541501285798035,0.0,16,True,False,1.3872484598183297,64.96613109954818,0.5977993551734272,tilt,7008,,2.399680529590807,5.728842863679598,10
run,stand,1.9233801405575517,0.0,37,True,False,0.886115757719403,60.12994205469591,0.8805211983470747,tilt,7009,,1.8239267024096406,0.8626779736026841,10
run,stand,1.8023393360816853,0.0,26,True,False,0.8203327899389915,62.32097729513242,0.4109993145610889,tilt,7010,,1.7310495510754966,5.998577880289723,10
run,stand,2.0134249468049834,0.0,27,True,False,0.7784795712193339,67.29429116067101,0.786932584522861,tilt,7011,,2.0194117399197156,2.283430212917522,10
run,stand,2.248234122533968,0.0,15,True,False,1.0774597509510986,61.52976017883817,0.18243656469710384,tilt,7012,,2.1552043204878606,3.527441296775147,10
run,stand,2.2375093013831977,0.0,20,True,False,0.9875663168752531,63.862441477592924,0.701373297121294,tilt,7013,,2.229550126351562,5.63598319774259,10
run,stand,2.221200427929742,0.0,16,True,False,1.439153219817607,66.27667949449359,0.45284228293716716,tilt,7014,,2.2681352147369216,4.337852412412881,10
run,stand,2.2817323883530483,0.0,15,True,False,1.501812596118128,61.766619955326675,0.9996131343076661,tilt,7015,,2.3222823572533704,2.4752502572067847,10
run,stand,1.8340080987255063,0.0,51,True,False,0.4480496719046305,49.94009502977639,0.8268723915112429,tilt,7016,,1.7494063345332544,0.3686547373767805,10
run,stand,1.781396306887105,0.0,,False,False,0.00034962480009371544,40.371589888570774,0.7958965558290403,,7017,0.9400000000000001,1.744754010811438,0.922346300846177,10
run,stand,2.1027593618292335,0.0,15,True,False,0.902278677370459,61.053825762288405,0.23799790483021238,tilt,7018,,2.0793557775539475,4.761809116790745,10
run,stand,2.0818674131412687,0.0,16,True,False,0.9651767602743133,63.336260784617764,0.265435164002351,tilt,7019,,2.070185525118924,3.0421161220237884,10
run,stand,1.7634479538053645,0.0,,False,False,0.00021413473944710066,35.28139777229309,0.04305912717347837,,7020,1.04,1.7527603760186903,2.651776468715212,10
run,stand,1.5469994317967317,0.0,,False,False,0.00040219083991691816,26.48325144857579,0.38147036923228117,,7021,0.88,1.4372603288773083,3.680548754552715,10
run,stand,1.5220710023969228,0.0,,False,False,0.0006607465437409581,22.628737823750352,0.25901071336278525,,7022,0.9400000000000001,1.4997646750596005,2.3376993905581416,10
run,stand,2.4017653315523586,0.0,14,True,False,1.1802630882635354,64.2100947083287,0.8322049600633667,tilt,7023,,2.360031226092723,4.401188228517898,10
run,stand,1.6586273118846102,0.0,,False,False,0.0003712319068134337,28.62103562869395,0.06454973718531411,,7024,1.26,1.6093115017261637,4.032149140384395,10
run,stand,2.4232146033475224,0.0,16,True,False,1.3064910332804827,63.384959174708776,0.6704246127182647,tilt,7025,,2.4092691164200595,5.555762202960587,10
run,stand,2.316948325453831,0.0,16,True,False,1.2381293225706123,64.47783688859677,0.12799742999342928,tilt,7026,,2.2817304994812697,3.0405731253289288,10
run,stand,1.8482433114124928,0.0,40,True,False,0.17088579820084315,63.00103448103942,0.1510096619865596,tilt,7027,,1.7778309496019937,3.9682587477271642,10
run,stand,1.6772669390657413,0.0,,False,False,0.0002617437265447037,28.92312180351189,0.02455321375160824,,7028,1.04,1.6387276806123623,2.796062495080555,10
run,stand,2.0524619431312843,0.0,29,True,False,0.7470147099932462,62.006621491136876,0.6434658626263356,tilt,7029,,2.1105761821374007,2.1122560838502102,10
run,stand,1.6102271698001673,0.0,43,True,False,0.4578207906381633,60.0843251447586,0.37775350528104923,tilt,7030,,1.4533212151486865,5.142886292282053,10
run,stand,1.835803477525246,0.0,,False,False,0.0005046202508660553,36.01801634179766,0.22846433414259987,,7031,1.6400000000000001,1.8281005273631707,3.000190756394938,10
run,stand,2.300665806804429,0.0,16,True,False,1.3322221114114963,63.482914018903706,0.5315592524042193,tilt,7032,,2.3454058602359353,4.353634650648793,10
run,stand,1.548112428049047,0.0,27,True,False,0.43867944967214945,60.29670730808007,0.6291200406663683,tilt,7033,,1.6491675946115008,1.538232944414632,10
run,stand,1.8232275638518258,0.0,30,True,False,0.6842247125827214,64.91499998476407,0.5269208601713692,tilt,7034,,1.857351819598601,3.814070521663896,10
run,stand,2.125850949965842,0.0,18,True,False,0.9346921217931525,60.31025709249712,0.8056342701006493,tilt,7035,,2.1329126672825,1.5337251897529354,10
run,stand,1.9479230838330552,0.0,21,True,False,0.9992603916851693,62.22667375938941,0.9989992712933283,tilt,7036,,1.8822122232859657,2.3251414306489617,10
run,stand,1.832354581890627,0.0,25,True,False,0.9002924860637118,62.52280445263698,0.9782512649045739,tilt,7037,,1.7577958155563127,1.7688463210315923,10
run,stand,1.5675272297635057,0.0,,False,False,0.0003635925751419984,20.859546337317113,0.09620049828712396,,7038,0.76,1.5313013244322726,3.7731409296710297,10
run,stand,1.64218301992537,0.0,,False,False,0.0007284009201916571,29.047541675419783,0.7477578723036463,,7039,0.86,1.6528543237616429,2.0254762759394542,10
run,stand,2.4004262983673126,0.0,15,True,False,1.3000602763376186,62.75240127922701,0.15444466256959372,tilt,7040,,2.41672966757994,2.83608457994265,10
run,stand,2.4047027312032503,0.0,16,True,False,1.4119200195182986,63.05643104525874,0.059142240590567274,tilt,7041,,2.334271077558454,2.9088383532793896,10
run,stand,2.458685846843325,0.0,16,True,False,1.485003026422156,64.6875675922141,0.5633791367935276,tilt,7042,,2.462378463992644,4.613849804462602,10
run,stand,2.1673332147220723,0.0,15,True,False,1.0609416024927782,62.4922118434331,0.8315117472750986,tilt,7043,,2.145565738339023,2.86372124760958,10
run,stand,1.7311451088601606,0.0,31,True,False,0.4907601746009183,61.49496805633024,0.8488740573999947,tilt,7044,,1.6118802019806513,0.9047628627333751,10
run,stand,2.229941890220316,0.0,13,True,False,1.166692730869922,60.99365125102835,0.2960130978056492,tilt,7045,,2.2733980513152834,4.403323000846653,10
run,stand,2.0296536257692375,0.0,16,True,False,0.8774651512247011,62.928863993316945,0.21849293162821726,tilt,7046,,2.023796566534828,4.019332325293379,10
run,stand,1.7104637337087967,0.0,27,True,False,0.6933693298203609,54.3068178172757,0.4518152608784968,trunk_contact,7047,,1.6682370086082108,4.7627308697362665,10
run,stand,2.3897762248070475,0.0,13,True,False,1.1882299023862313,64.65158436389895,0.2662918836797139,tilt,7048,,2.39174761401572,4.2114259664384175,10
run,stand,1.770097768729273,0.0,,False,False,0.0003188895889465917,27.687738165986886,0.11832656484109735,,7049,1.18,1.7359249813965492,3.5318241810270017,10
stand,stand,0.0,0.0,,False,False,5.885607117163663e-05,7.73501298852488,0.4519715300702659,,7000,0.0,0.0001348128095899212,7.719386445637873,0
stand,stand,0.0,0.0,,False,False,-3.865671593656602e-06,7.807114420412944,0.95331131348468,,7001,0.0,-3.146768879568363e-05,7.807193629554114,0
stand,stand,0.0,0.0,,False,False,-0.00012668409297830326,7.816107541134664,0.22140106394045334,,7002,0.0,-0.00020668643328284423,7.816497341621512,0
stand,stand,0.0,0.0,,False,False,9.568706277548217e-05,7.653292882276078,0.4117175646490243,,7003,0.0,0.00018162294432365315,7.613379424783283,0
stand,stand,0.0,0.0,,False,False,2.0183876408199925e-05,7.740632770154359,0.5399243469492593,,7004,0.0,3.2092267676160856e-05,7.731469248131353,0
stand,stand,0.0,0.0,,False,False,-3.22342025594349e-05,7.704966929883728,0.8602777980311511,,7005,0.0,5.345856106397843e-05,7.687347357627663,0
stand,stand,0.0,0.0,,False,False,-3.4499202603410905e-05,7.910582101005126,0.5594772125225745,,7006,0.0,-0.00010580841341684935,7.911011119125765,0
stand,stand,0.0,0.0,,False,False,0.00023606129325252068,7.725258460428075,0.04207327230135249,,7007,0.0,0.0003960095699949571,7.69682709940367,0
stand,stand,0.0,0.0,,False,False,-0.00017556876681432785,8.03523153585516,0.4774835708366252,,7008,0.0,-0.0003691787842461755,8.03555380177356,0
stand,stand,0.0,0.0,,False,False,-0.00010186972515507276,7.773405260587656,0.9979023409460076,,7009,0.0,-0.00016449571948480435,7.773779745891824,0
stand,stand,0.0,0.0,,False,False,-8.41260737339303e-06,7.876978423107271,0.7383550706897423,,7010,0.0,-6.033055768284648e-05,7.877302251176104,0
stand,stand,0.0,0.0,,False,False,-8.488256092634359e-05,7.913760070126478,0.4253089079485629,,7011,0.0,-0.00017317892856359964,7.914119723876091,0
stand,stand,0.0,0.0,,False,False,0.00035090833420890565,7.763927945511206,0.09331436988786446,,7012,0.0,0.0005236427398240637,7.764196782301093,0
stand,stand,0.0,0.0,,False,False,5.392063576154345e-05,7.691487230458817,0.3793152564901465,,7013,0.0,0.00011143268032226369,7.677426170905911,0
stand,stand,0.0,0.0,,False,False,-3.1770904370552325e-05,7.726781398231821,0.9023676896829277,,7014,0.0,-5.3607596503778226e-05,7.726837416795155,0
stand,stand,0.0,0.0,,False,False,0.0004486701139782294,7.735333767699231,0.9310455653540713,,7015,0.0,0.0007154611840224005,7.735390838258142,0
stand,stand,0.0,0.0,,False,False,2.4177255762407397e-06,7.899464628100468,0.8228237991582087,,7016,0.0,-5.58143389299491e-05,7.899737851534571,0
stand,stand,0.0,0.0,,False,False,6.725126385500902e-06,7.720708494300795,0.71375115767995,,7017,0.0,-9.31199894216454e-06,7.720630402811725,0
stand,stand,0.0,0.0,,False,False,0.0002389138287577432,7.565832212679485,0.8288346742523792,,7018,0.0,0.0004749576647868715,7.509312933020564,0
stand,stand,0.0,0.0,,False,False,-6.891826076776085e-05,7.846850054213663,0.27276924731495744,,7019,0.0,-0.0001455362095056179,7.847299303134144,0
stand,stand,0.0,0.0,,False,False,-3.910137999384817e-05,7.955034583268501,0.4833370181996821,,7020,0.0,-0.00010272454747587989,7.955386450469113,0
stand,stand,0.0,0.0,,False,False,0.00012779239946245806,7.75749000785946,0.12443396027693443,,7021,0.0,0.00027041645440867697,7.752323961424657,0
stand,stand,0.0,0.0,,False,False,1.87890644888041e-05,7.838865583349388,0.6430533385977335,,7022,0.0,-1.4746231961661673e-05,7.839198505977205,0
stand,stand,0.0,0.0,,False,False,0.00025944018401683334,7.664561651982349,0.8753658243318829,,7023,0.0,0.00039867945787000307,7.664609643578245,0
stand,stand,0.0,0.0,,False,False,8.858370223310815e-05,7.7709626092464035,0.7337505884514982,,7024,0.0,0.00012132477044015652,7.757961098687632,0
stand,stand,0.0,0.0,,False,False,6.863247433487483e-05,7.844704748708496,0.7972440274949684,,7025,0.0,0.0001329534708236014,7.844846658850727,0
stand,stand,0.0,0.0,,False,False,0.00015061240164393865,7.7530925200686065,0.9209516112341427,,7026,0.0,0.00019134809099413203,7.7533932455893,0
stand,stand,0.0,0.0,,False,False,0.0002658701040834095,7.783664591057601,0.8606551948268552,,7027,0.0,0.0003879079472062602,7.780231062441915,0
stand,stand,0.0,0.0,,False,False,0.00013656885068674457,7.635787144600382,0.579679546669267,,7028,0.0,0.00026075923192772486,7.595964128612996,0
stand,stand,0.0,0.0,,False,False,6.799677295803988e-05,7.779588866008797,0.18659572611337572,,7029,0.0,7.740293382288157e-05,7.7592602371691335,0
stand,stand,0.0,0.0,,False,False,-8.295942561958889e-05,7.656556976152242,0.8455268789359996,,7030,0.0,-0.00013085905549380827,7.656669839420024,0
stand,stand,0.0,0.0,,False,False,-0.00010828494354006464,7.845407280506628,0.8133470516880934,,7031,0.0,-0.00018890580036490817,7.845529473731951,0
stand,stand,0.0,0.0,,False,False,0.0002603516384175071,7.677199471820005,0.35932472112805713,,7032,0.0,0.00038969267690349584,7.672706391030086,0
stand,stand,0.0,0.0,,False,False,-0.00021525327371667394,8.17099489381872,0.6088984896403108,,7033,0.0,-0.0004367210806208148,8.171326035928471,0
stand,stand,0.0,0.0,,False,False,0.0004166615853603185,7.55699222379468,0.7899808617359723,,7034,0.0,0.0007933678840036443,7.511903969640329,0
stand,stand,0.0,0.0,,False,False,5.749376652487298e-05,7.839033664485347,0.6879434753090131,,7035,0.0,6.771491533260517e-05,7.839226421623033,0
stand,stand,0.0,0.0,,False,False,8.757407370888775e-05,7.74751601741932,0.5529176898517268,,7036,0.0,0.00010876536741533797,7.74771151684273,0
stand,stand,0.0,0.0,,False,False,-4.4750351796980934e-05,7.864478917997758,0.9177703073558058,,7037,0.0,-0.00013117726475371684,7.864801492663397,0
stand,stand,0.0,0.0,,False,False,-0.00012154506126324926,7.966333648255522,0.138882218348657,,7038,0.0,-0.000270698926444383,7.966819836938333,0
stand,stand,0.0,0.0,,False,False,8.22511346843882e-05,7.922297297726368,0.014848507172321557,,7039,0.0,6.648381733547328e-05,7.922601227345588,0
stand,stand,0.0,0.0,,False,False,0.00014030076210076804,7.757769309865765,0.6738783463983776,,7040,0.0,0.00022706699515427046,7.758089086175766,0
stand,stand,0.0,0.0,,False,False,6.871203880824655e-05,7.820186210643696,0.47473774412293157,,7041,0.0,0.00013110846625488044,7.820220891902223,0
stand,stand,0.0,0.0,,False,False,9.056804878437803e-05,7.964390406919219,0.861179452491183,,7042,0.0,0.0001042468492006412,7.964523982736185,0
stand,stand,0.0,0.0,,False,False,0.00018926555955113653,7.771079146146113,0.02069915170380321,,7043,0.0,0.0002462345729922683,7.7672213686623826,0
stand,stand,0.0,0.0,,False,False,-0.00011698476754992457,7.83922434125889,0.6219056759353856,,7044,0.0,-0.00016304705603824437,7.839423802323188,0
stand,stand,0.0,0.0,,False,False,6.193353743525498e-05,7.828950547150984,0.4687687296573103,,7045,0.0,7.389617571519378e-05,7.828973426988883,0
stand,stand,0.0,0.0,,False,False,0.00010335857772343227,7.859490694659518,0.5464196694051006,,7046,0.0,0.00015849967189729346,7.852398079577332,0
stand,stand,0.0,0.0,,False,False,-4.6345540295590736e-05,7.791790971548619,0.9690566398163747,,7047,0.0,-9.391040827730494e-05,7.791985035769189,0
stand,stand,0.0,0.0,,False,False,-0.00011221121385843029,7.833966865221314,0.07188376537988217,,7048,0.0,-0.00019478563190196275,7.834379817845114,0
stand,stand,0.0,0.0,,False,False,-3.565313980975348e-05,7.854725136799127,0.7129164879704305,,7049,0.0,-6.619425217452861e-05,7.855163366895808,0
walk,walk,0.44124206151515,0.44124206151515,,False,False,0.42725651394376657,3.7497134200889963,0.45197153007027024,,7000,0.0,0.40594945816908556,3.281575082270619,
walk,walk,0.5314281874292841,0.5314281874292841,,False,False,0.5265627926731589,4.002700764867549,0.9033113134846849,,7001,0.0,0.5236063573283098,3.9254809904141834,
walk,walk,0.4554596801174362,0.4554596801174362,,False,False,0.4498482527719526,3.8047245799189633,0.971401063940458,,7002,0.0,0.46500834531205426,3.804724517556944,
walk,walk,0.4539899395926182,0.4539899395926182,,False,False,0.44272490329243597,3.7374641805498627,0.6117175646490287,,7003,0.0,0.4411515971370969,2.1785747842314835,
walk,walk,0.5112999483100555,0.5112999483100555,,False,False,0.5010963663866643,3.9672768785172123,0.7399243469492638,,7004,0.0,0.5232612712606948,3.1178684682400166,
walk,walk,0.35512329166487644,0.35512329166487644,,False,False,0.34304052733996476,3.420132605359236,0.46027779803115565,,7005,0.0,0.32099787665865864,2.9363136383152493,
walk,walk,0.4019074558121564,0.4019074558121564,,False,False,0.3975319573028672,3.579476583233445,0.8094772125225791,,7006,0.0,0.4109881599592469,3.1111040603705185,
walk,walk,0.3345171827247623,0.3345171827247623,,False,False,0.323297036233203,3.381219077804177,0.2920732723013568,,7007,0.0,0.31469921872660617,2.4355469348844503,
walk,walk,0.5629638846939471,0.5629638846939471,,False,False,0.5578916371509852,4.06864197489216,0.7774835708366299,,7008,0.0,0.573451101746196,3.354220460529618,
walk,walk,0.440116826669863,0.440116826669863,,False,False,0.4277513927324449,3.7736161928558563,0.34790234094601197,,7009,0.0,0.39995983705852295,2.7802837612806277,
walk,walk,0.3567817873255723,0.3567817873255723,,False,False,0.3456590173266808,3.548064417137545,0.23835507068974687,,7010,0.0,0.35093821141667003,2.352051002305885,
walk,walk,0.5622301795329494,0.5622301795329494,,False,False,0.5573102354716372,4.061727562246626,0.27530890794856777,,7011,0.0,0.5546128125964889,2.402454700995289,
walk,walk,0.4678340925324488,0.4678340925324488,,False,False,0.45842582458055614,3.8677696653692286,0.14331436988786886,,7012,0.0,0.4501476288135156,2.8065309069683484,
walk,walk,0.47490655797258907,0.47490655797258907,,False,False,0.4681863154801832,3.9335825314896837,0.12931525649015133,,7013,0.0,0.45142015539587693,2.946305341166778,
walk,walk,0.4627233071336764,0.4627233071336764,,False,False,0.4502459352285303,3.8206295739071514,0.4023676896829321,,7014,0.0,0.41389004753518893,3.04944383111691,
walk,walk,0.36443628881179124,0.36443628881179124,,False,False,0.3557539005104883,3.631471204313134,0.031045565354075766,,7015,0.0,0.3739942859089121,3.479010385195463,
walk,walk,0.4706414497632334,0.4706414497632334,,False,False,0.46553937415876634,3.862362807085433,0.0228237991582132,,7016,0.0,0.4927738826479459,3.7725798765197416,
walk,walk,0.43463487978173204,0.43463487978173204,,False,False,0.4226813955287053,3.6834726042080552,0.5637511576799548,,7017,0.0,0.421552805402196,2.5263047293771064,
walk,walk,0.5605848134574674,0.5605848134574674,,False,False,0.5544314581847658,4.06066108593264,0.7288346742523839,,7018,0.0,0.5701558855655523,3.064608574584844,
walk,walk,0.3711836141815178,0.3711836141815178,,False,False,0.364195913434108,3.583441958514743,0.9727692473149623,,7019,0.0,0.37312974067150273,3.5834405386406143,
walk,walk,0.5075773426227208,0.5075773426227208,,False,False,0.501016135726885,3.9795400989887484,0.13333701819968705,,7020,0.0,0.485053129079257,2.962475798658115,
walk,walk,0.5882938556665516,0.5882938556665516,,False,False,0.5855039042080074,4.097122265046003,0.8744339602769391,,7021,0.0,0.5816249864254717,3.894220680328575,
walk,walk,0.4340887138374979,0.4340887138374979,,False,False,0.4170479799142936,3.786183540085263,0.49305333859773826,,7022,0.0,0.4007881677921629,3.328249097037445,
walk,walk,0.5183809891645426,0.5183809891645426,,False,False,0.5106403028601336,3.995143319525738,0.6753658243318876,,7023,0.0,0.5182333976467933,2.639789643957225,
walk,walk,0.4856174554134234,0.4856174554134234,,False,False,0.47791224688599643,3.946393692831622,0.18375058845150283,,7024,0.0,0.4800582941248558,2.581497918022833,
walk,walk,0.5652192531962406,0.5652192531962406,,False,False,0.5564747917383551,4.073028916154837,0.347244027494973,,7025,0.0,0.5313055699570255,2.81288016237228,
walk,walk,0.31959088340906067,0.31959088340906067,,False,False,0.31134375553765314,3.407093047589375,0.17095161123414726,,7026,0.0,0.3131701838504577,2.3129425734801607,
walk,walk,0.41437168857135376,0.41437168857135376,,False,False,0.40797337051638605,3.620609971009586,0.010655194826859615,,7027,0.0,0.4254441902867302,3.569504565447835,
walk,walk,0.468785497845157,0.468785497845157,,False,False,0.45954487309941994,3.9238920620959474,0.27967954666927186,,7028,0.0,0.45517918502507493,2.40771446068924,
walk,walk,0.4687355408943411,0.4687355408943411,,False,False,0.4587880975696065,3.9180559069620213,0.7365957261133802,,7029,0.0,0.48230951336711325,3.0410215604242676,
walk,walk,0.3455511209030169,0.3455511209030169,,False,False,0.33343798635822,3.393946695083226,0.6455268789360042,,7030,0.0,0.3559240509721819,2.087706381761678,
walk,walk,0.4326501604689543,0.4326501604689543,,False,False,0.4257200758534996,3.6768068959805382,0.7133470516880982,,7031,0.0,0.4513419446269377,2.677965844359301,
walk,walk,0.5289696211752936,0.5289696211752936,,False,False,0.5207478329920068,3.944922114753064,0.3593247211280616,,7032,0.0,0.49288073403970584,2.7577174423047244,
walk,walk,0.41589345211726186,0.41589345211726186,,False,False,0.4041254149023349,3.6259575385320453,0.6088984896403151,,7033,0.0,0.4065297434852262,2.1285176708251603,
walk,walk,0.4588961599133269,0.4588961599133269,,False,False,0.44970939653934855,3.8707202244165133,0.08998086173597693,,7034,0.0,0.4452123487010453,3.282330169817,
walk,walk,0.39421666468586836,0.39421666468586836,,False,False,0.3857856733448443,3.7200108088457093,0.8879434753090176,,7035,0.0,0.3806524720292884,3.5840987925772936,
walk,walk,0.329544581281394,0.329544581281394,,False,False,0.3238673011252139,3.3146469885177035,0.7029176898517313,,7036,0.0,0.3587884706383566,2.396438132526968,
walk,walk,0.5788943911885738,0.5788943911885738,,False,False,0.5776951718430868,4.083586928357826,0.16777030735581022,,7037,0.0,0.571423211178302,2.81701719188924,
walk,walk,0.37478318341568395,0.37478318341568395,,False,False,0.36662878153432166,3.6274882711504954,0.8888822183486615,,7038,0.0,0.3602954607956841,3.5034858150714783,
walk,walk,0.46141253949707095,0.46141253949707095,,False,False,0.4540756318818177,3.7671433868982627,0.2648485071723259,,7039,0.0,0.453610905342515,2.3523433507655365,
walk,walk,0.5499365220574319,0.5499365220574319,,False,False,0.5427491213909106,4.03279621189176,0.37387834639838224,,7040,0.0,0.5141920681570101,2.7406256483199676,
walk,walk,0.5400536271664782,0.5400536271664782,,False,False,0.5359007485515043,4.025352495646479,0.2247377441229364,,7041,0.0,0.5408855461682587,2.462669512129083,
walk,walk,0.4034739317446357,0.4034739317446357,,False,False,0.3966398675284635,3.5819002060321483,0.7111794524911876,,7042,0.0,0.42466965455103034,2.5995439417019774,
walk,walk,0.5860676885217467,0.5860676885217467,,False,False,0.5843971300900769,4.0939721133922475,0.22069915170380755,,7043,0.0,0.5893804957196148,2.5332170424330616,
walk,walk,0.5495025735747732,0.5495025735747732,,False,False,0.5406638469006587,4.028557910655522,0.5219056759353904,,7044,0.0,0.5378731541748882,3.2688069642066484,
walk,walk,0.49133872442683774,0.49133872442683774,,False,False,0.48461952880244014,3.8755826556034427,0.26876872965731513,,7045,0.0,0.48312312939162544,2.3665641172964342,
walk,walk,0.4301050389985691,0.4301050389985691,,False,False,0.421771377431717,3.7435914595975324,0.8964196694051052,,7046,0.0,0.4144772894988559,3.6494554113928084,
walk,walk,0.4275046630631706,0.4275046630631706,,False,False,0.4170623829006211,3.6984110981447276,0.6190566398163793,,7047,0.0,0.42057562237764273,2.168131283659342,
walk,walk,0.37546176826442257,0.37546176826442257,,False,False,0.36345780917671483,3.5856530517285603,0.4218837653798864,,7048,0.0,0.33431581563647794,2.7510349973589903,
walk,walk,0.541152213465229,0.541152213465229,,False,False,0.5328989932961553,3.993502417462099,0.6629164879704352,,7049,0.0,0.53328451729704,2.4724179380686615,
run,run,2.327496197951321,2.327496197951321,,False,False,2.3715884086683627,5.812799575073204,0.416948717778189,,7000,0.0,2.262425157161503,5.4144659788909895,
run,run,2.2388400134258255,2.2388400134258255,,False,False,2.2100001116023904,6.431241636004204,0.8071105991414456,,7001,0.0,2.2608798432888166,1.6594295322660855,
run,run,2.2205483091887386,2.2205483091887386,,False,False,2.196143030819367,6.4502294132965465,0.6608554118295004,,7002,0.0,2.298334267824154,2.861542712854099,
run,run,1.6563509199193982,1.6563509199193982,,False,False,1.6249296933113249,4.98286853643517,0.6023311577589668,,7003,0.0,1.7270829107894041,1.9081919426799818,
run,run,1.8382239844582013,1.8382239844582013,,False,False,1.8301430623095813,3.8015168136356476,0.8363261724551215,,7004,0.0,1.7625468789086887,0.5680120734542198,
run,run,2.389233001164239,2.389233001164239,,False,False,2.377231680442062,6.101329546575598,0.1290917252960022,,7005,0.0,2.342281531690275,3.035239769842519,
run,run,2.2056621080322216,2.2056621080322216,,False,False,2.191393000863302,5.557487994259408,0.1640160715191235,,7006,0.0,2.112643724363267,2.7065482313156055,
run,run,2.317598525871633,2.317598525871633,,False,False,2.3563649710891044,5.686791055875069,0.3294242801183206,,7007,0.0,2.299168801029105,4.983239291850541,
run,run,2.4541501285798035,2.4541501285798035,,False,False,2.4322693810182883,6.779477919646558,0.6768823577450233,,7008,0.0,2.4376614063616078,5.265598943042016,
run,run,1.9233801405575517,1.9233801405575517,,False,False,1.9096924450982604,5.539527969068227,0.017456403969376755,,7009,0.0,1.87316552711052,2.4823024612519813,
run,run,1.8023393360816853,1.8023393360816853,,False,False,1.8174443456949094,5.998577880289723,0.21285895439618774,,7010,0.0,1.7679570337846786,5.105585698311549,
run,run,2.0134249468049834,2.0134249468049834,,False,False,2.0000254727163576,5.625877749411161,0.7004230706921565,,7011,0.0,2.105305594287357,0.8656057165221227,
run,run,2.248234122533968,2.248234122533968,,False,False,2.2206343953297027,6.282827603404714,0.6576837875423484,,7012,0.0,2.29027462312888,2.4100841698743762,
run,run,2.2375093013831977,2.2375093013831977,,False,False,2.2333161915201,6.24682609831789,0.9256238552042858,,7013,0.0,2.217385417889287,2.6570503413800153,
run,run,2.221200427929742,2.221200427929742,,False,False,2.1899505809900917,6.0808804390720725,0.9738103428473313,,7014,0.0,2.2017767544923004,2.429233336782873,
run,run,2.2817323883530483,2.2817323883530483,,False,False,2.2678005523139175,5.958758027176366,0.7727091910064832,,7015,0.0,2.3379060400287175,3.8097035743520413,
run,run,1.8340080987255063,1.8340080987255063,,False,False,1.8456934008956358,4.514693039192259,0.09359303940928346,,7016,0.0,1.779610248507169,3.2248314491987804,
run,run,1.781396306887105,1.781396306887105,,False,False,1.7726318752552874,5.839518188914171,0.5178037433442035,,7017,0.0,1.7909805332761866,3.960492620080606,
run,run,2.1027593618292335,2.1027593618292335,,False,False,2.1103735217867396,6.646900898999714,0.7423842154863051,,7018,0.0,2.126680672685889,4.0636853342581425,
run,run,2.0818674131412687,2.0818674131412687,,False,False,2.0864427243138666,4.175857086570528,0.7668966018421287,,7019,0.0,2.1604994863390536,2.079724517624326,
run,run,1.7634479538053645,1.7634479538053645,,False,False,1.7390410152769014,5.186989188978122,0.9125212090212638,,7020,0.0,1.677530639982251,1.9824136316657965,
run,run,1.5469994317967317,1.5469994317967317,,False,False,1.5177963301434816,5.620400474693195,0.32053038059634653,,7021,0.0,1.4742347783760197,3.611878196822842,
run,run,1.5220710023969228,1.5220710023969228,,False,False,1.50905277797464,4.932797854437664,0.8029834937942316,,7022,0.0,1.4318966477752233,1.4349043297661284,
run,run,2.4017653315523586,2.4017653315523586,,False,False,2.414506167320103,6.443545104302218,0.5345227197427913,,7023,0.0,2.3761818900423424,5.756173966934658,
run,run,1.6586273118846102,1.6586273118846102,,False,False,1.6027169533058276,4.840366790741083,0.25406737589839073,,7024,0.0,1.5736082988480449,4.665193176504891,
run,run,2.4232146033475224,2.4232146033475224,,False,False,2.4159111919079153,6.54599084423955,0.1996388603165619,,7025,0.0,2.4117686006212766,3.5947850121921734,
run,run,2.316948325453831,2.316948325453831,,False,False,2.265151681449301,6.289098582302532,0.2043363965025059,,7026,0.0,2.2795853945666193,3.405340554767225,
run,run,1.8482433114124928,1.8482433114124928,,False,False,1.8525554630655399,5.398186394713064,0.1510096619865596,,7027,0.0,1.7778309496019937,3.9682587477271642,
run,run,1.6772669390657413,1.6772669390657413,,False,False,1.6345010350945068,5.480276611895004,0.532915924002127,,7028,0.0,1.728039809329286,2.6930451662960375,
run,run,2.0524619431312843,2.0524619431312843,,False,False,2.028683034006276,4.344175358753742,0.282909012389967,,7029,0.0,2.0354093558459176,3.4331817045796416,
run,run,1.6102271698001673,1.6102271698001673,,False,False,1.5909654218869498,4.879809088255066,0.5021625920730559,,7030,0.0,1.5754138638348416,4.099209534320387,
run,run,1.835803477525246,1.835803477525246,,False,False,1.8589455632795742,4.227102453004465,0.029057168748658935,,7031,0.0,1.8149095374560675,2.702379101086937,
run,run,2.300665806804429,2.300665806804429,,False,False,2.292854021111809,5.418134971154163,0.16331956195462516,,7032,0.0,2.3380472645753656,3.0372857037251175,
run,run,1.548112428049047,1.548112428049047,,False,False,1.5461086493935396,5.074161987399243,0.897573057934597,,7033,0.0,1.4465138486158953,2.9206371668085094,
run,run,1.8232275638518258,1.8232275638518258,,False,False,1.7786420464072665,4.795435923133648,0.12813355250915,,7034,0.0,1.7735007252626394,3.4876792587895538,
run,run,2.125850949965842,2.125850949965842,,False,False,2.118361118360498,6.316467016863976,0.7331172511013324,,7035,0.0,2.18532414363424,2.5364140237082413,
run,run,1.9479230838330552,1.9479230838330552,,False,False,1.9340961478716678,4.89626690082826,0.44733157788003963,,7036,0.0,1.9813557916478572,3.5205359211597727,
run,run,1.832354581890627,1.832354581890627,,False,False,1.8271000516324267,4.60942981666311,0.24513325688863566,,7037,0.0,1.8558316243271689,1.3660813608828961,
run,run,1.5675272297635057,1.5675272297635057,,False,False,1.5460043367459,5.149310742626409,0.46430376585874467,,7038,0.0,1.618848570467937,2.8634583250731245,
run,run,1.64218301992537,1.64218301992537,,False,False,1.6316436218333175,5.00859598371284,0.18216492871707965,,7039,0.0,1.6318574460006174,4.773442051659901,
run,run,2.4004262983673126,2.4004262983673126,,False,False,2.4065268171990333,6.653948663502822,0.1685555001450948,,7040,0.0,2.44184268902604,3.098113155130653,
run,run,2.4047027312032503,2.4047027312032503,,False,False,2.4115928786012075,6.677555446073984,0.07436495070341254,,7041,0.0,2.3720502228351563,2.7861025344417745,
run,run,2.458685846843325,2.458685846843325,,False,False,2.4319348713667672,6.42230485141196,0.95924772147786,,7042,0.0,2.4221673956504404,1.6713739484036312,
run,run,2.1673332147220723,2.1673332147220723,,False,False,2.1531801498878473,6.064263088369291,0.31808509721400824,,7043,0.0,2.0663337806661954,5.494112900798241,
run,run,1.7311451088601606,1.7311451088601606,,False,False,1.6962027820639298,5.874452626413639,0.17198856828601067,,7044,0.0,1.7172021336655559,3.434870522455826,
run,run,2.229941890220316,2.229941890220316,,False,False,2.220991148014119,6.349475976633544,0.0420014758497127,,7045,0.0,2.1649707553772117,3.0343255794212207,
run,run,2.0296536257692375,2.0296536257692375,,False,False,2.0302498903988324,5.325561459130571,0.21849293162821726,,7046,0.0,2.023796566534828,4.019332325293379,
run,run,1.7104637337087967,1.7104637337087967,,False,False,1.6595671448444491,5.412294504733357,0.06655961283344126,,7047,0.0,1.6898970560291953,4.561513552701161,
run,run,2.3897762248070475,2.3897762248070475,,False,False,2.352857458333154,6.580666006340001,0.9551097856951501,,7048,0.0,2.365475397077855,1.712946335573742,
run,run,1.770097768729273,1.770097768729273,,False,False,1.749735691673792,5.189717682578012,0.5761402524631957,,7049,0.0,1.833915838115769,2.434526603149827,
