cmd,edges,end_section,end_skill,end_x,fell,finish_x,hint,hint_match,hint_steps,layout,left,n_switches,passed,reason,seed,skill_steps,stuck,success,time_s,timeout
1.4818445515701868,sta>wal@26 wal>ter@52 ter>run@1376 run>ter@1402,,terrain,24.08864182553875,False,24.08,vision,738,1617,bar:0.03 rough:0.04 stairs_up:0.04 stairs_up:0.04,False,4,4,,4000,run:26 stand:26 terrain:1539 walk:26,False,True,32.34,False
1.3265787011903218,sta>wal@26 wal>run@57 run>ste@83 ste>wal@171 wal>ter@197 ter>run@546 run>ter@572,stairs_up,terrain,8.71038311225033,True,20.159999999999997,vision,217,656,bar:0.03 stairs_up:0.04 stairs_down:0.04 bar:0.03,False,7,1,tilt,4001,run:52 stand:26 stepover:88 terrain:433 walk:57,False,False,nan,False
1.5366070876000175,sta>wal@26 wal>ter@52 ter>run@351 run>ste@377 ste>run@408 run>ter@434 ter>run@460 run>ste@494 ste>run@672 run>ste@698 ste>wal@751 wal>ter@777 ter>run@1041 run>ste@1067 ste>wal@1093 wal>ter@1119 ter>run@1208 run>ste@1234 ste>wal@1270 wal>ter@1296,,terrain,26.088461668079464,False,26.08,vision,312,1381,rough:0.06 rough:0.04 bar:0.03 stairs_up:0.04,False,20,4,,4002,run:164 stand:26 stepover:324 terrain:763 walk:104,False,True,27.62,False
1.3410321832755585,sta>wal@26 wal>run@59 run>ste@85 ste>wal@315 wal>ter@341 ter>run@772 run>ter@798 ter>run@1066 run>ste@1092 ste>wal@1118 wal>ter@1144 ter>run@1218 run>ste@1244 ste>wal@1359,,walk,24.095340554073545,False,24.08,vision,459,1361,rough:0.04 bar:0.03 stairs_up:0.03 stairs_up:0.03,False,14,4,,4003,run:104 stand:26 stepover:371 terrain:773 walk:87,False,True,27.22,False
1.6213337720159033,sta>wal@26 wal>run@52 run>ste@96 ste>wal@251 wal>ter@277 ter>run@327 run>ter@353 ter>run@379 run>ste@405 ste>wal@431 wal>ter@457 ter>run@852 run>ste@878 ste>wal@905 wal>ter@931 ter>run@1042 run>ter@1068 ter>run@1199 run>ste@1225 ste>wal@1251 wal>ter@1277,,terrain,26.095643946557015,False,26.08,vision,622,1589,rough:0.06 bar:0.05 slope_up:9 stairs_up:0.04,False,21,4,,4004,run:174 stand:26 stepover:234 terrain:1025 walk:130,False,True,31.78,False
1.6710686878205983,sta>wal@26 wal>run@54 run>ste@80 ste>wal@152 wal>ter@178 ter>run@416 run>ste@442 ste>wal@468 wal>ter@494 ter>run@561 run>ter@587 ter>run@893 run>ter@919 ter>run@1108 run>ste@1134 ste>wal@1168 wal>ter@1194,,terrain,24.087687457545112,False,24.08,vision,656,1502,bar:0.05 stairs_up:0.04 rough:0.06 stairs_up:0.04,False,17,4,,4005,run:130 stand:26 stepover:132 terrain:1108 walk:106,False,True,30.04,False
1.481725938634041,sta>ter@26 ter>run@559 run>ter@585 ter>run@875 run>ste@901,slope_up,stepover,7.902319118174121,True,28.0,vision,577,959,slope_up:9 stairs_down:0.04 rough:0.06 stairs_up:0.03,False,5,0,tilt,4006,run:52 stand:26 stepover:58 terrain:823,False,False,nan,False
1.4752225220845074,sta>ter@26 ter>run@407 run>ste@433 ste>wal@727 wal>run@753 run>ter@779 ter>run@1155 run>ste@1181 ste>wal@1207 wal>run@1237 run>ter@1263 ter>run@1298 run>ter@1324 ter>run@1425 run>ste@1451,,stepover,28.019978445926892,False,28.0,vision,646,1542,stairs_up:0.04 rough:0.04 stairs_down:0.04 slope_up:9,False,15,4,,4007,run:156 stand:26 stepover:411 terrain:893 walk:56,False,True,30.84,False
1.4305558344922766,sta>wal@26 wal>ter@52 ter>run@916 run>ste@942 ste>wal@1057 wal>ter@1083 ter>run@1149 run>ter@1175,,terrain,26.088399394638525,False,26.08,vision,974,1637,stairs_up:0.03 slope_up:15 bar:0.05 slope_down:15,False,8,4,,4008,run:52 stand:26 stepover:115 terrain:1392 walk:52,False,True,32.74,False
1.4393994464329465,sta>ter@26 ter>run@559 run>ste@585 ste>wal@611 wal>run@637 run>ter@670 ter>run@872 run>ste@898 ste>wal@1116 wal>ter@1142,,terrain,26.089372585579255,False,26.08,vision,589,1533,slope_up:9 stairs_down:0.04 rough:0.04 bar:0.03,False,10,4,,4009,run:85 stand:26 stepover:244 terrain:1126 walk:52,False,True,30.66,False
1.3757096009733019,sta>wal@26 wal>run@52 run>ste@78 ste>run@291 run>ter@321 ter>run@669 run>ste@695 ste>run@839 run>ter@865,bar,terrain,18.17890390903401,True,28.08,vision,352,992,rough:0.06 rough:0.06 bar:0.05 rough:0.04,False,9,2,tilt,4010,run:108 stand:26 stepover:357 terrain:475 walk:26,False,False,nan,False
1.3073599311034423,sta>ter@26 ter>run@542 run>ter@571 ter>run@680 run>ste@706 ste>wal@735 wal>ter@761 ter>run@876 run>ste@902 ste>run@948 run>ter@986 ter>run@1487 run>ste@1513 ste>wal@1613,,walk,26.006928578208484,False,26.0,vision,912,1621,slope_up:15 stairs_up:0.03 stairs_down:0.06 stairs_up:0.04,False,14,4,,4011,run:145 stand:26 stepover:175 terrain:1241 walk:34,False,True,32.42,False
1.6351904339995866,sta>wal@26 wal>run@52 run>ste@78 ste>wal@148 wal>ter@174 ter>run@276 run>ste@302 ste>wal@341 wal>run@371 run>ter@397 ter>run@423 run>ste@449 ste>wal@475 wal>ter@501 ter>run@534 run>ste@560 ste>wal@607 wal>ter@633 ter>run@738 run>ter@764 ter>run@885 run>ste@911 ste>wal@941 wal>ter@967 ter>run@1055 run>ste@1081,stairs_up,stepover,15.563010961441444,True,26.08,vision,527,1165,bar:0.05 slope_up:9 stairs_up:0.04 slope_down:9,False,26,2,tilt,4012,run:208 stand:26 stepover:296 terrain:475 walk:160,False,False,nan,False
1.46753304986613,sta>ter@26 ter>run@396 run>ter@422 ter>run@1108 run>ter@1134 ter>run@1215 run>ter@1241 ter>run@1532 run>ste@1564,,stepover,26.106109235700366,False,26.08,vision,822,1629,stairs_up:0.03 bar:0.03 slope_up:15 slope_down:15,False,9,4,,4013,run:110 stand:26 stepover:65 terrain:1428,False,True,32.58,False
1.439611545954266,sta>wal@26 wal>ter@52 ter>run@807 run>ter@833,stairs_up,terrain,11.626992581894536,True,26.08,vision,501,857,rough:0.04 stairs_up:0.03 slope_up:15 bar:0.03,False,4,1,tilt,4014,run:26 stand:26 terrain:779 walk:26,False,False,nan,False
1.6646190539405048,sta>ter@26 ter>run@547 run>ste@573 ste>wal@785,rough,walk,14.269644356078881,True,26.08,vision,304,789,slope_up:9 rough:0.06 bar:0.05 stairs_down:0.06,False,4,1,tilt,4015,run:26 stand:26 stepover:212 terrain:521 walk:4,False,False,nan,False
1.42849163306703,sta>ter@26 ter>run@400 run>ste@426 ste>wal@582 wal>ter@608 ter>run@1001 run>ste@1027 ste>wal@1053 wal>ter@1089 ter>run@1236 run>ter@1262,,terrain,30.011390818104534,False,30.0,vision,930,1886,stairs_up:0.03 rough:0.06 slope_up:9 slope_down:9,False,11,4,,4016,run:78 stand:26 stepover:182 terrain:1538 walk:62,False,True,37.72,False
1.4088469563908013,sta>wal@26 wal>ter@52 ter>run@1523 run>ter@1549 ter>run@1638,stairs_up,run,23.33537752617915,True,26.08,vision,928,1647,bar:0.03 rough:0.04 rough:0.04 stairs_up:0.04,True,5,3,left_course,4017,run:35 stand:26 terrain:1560 walk:26,False,False,nan,False
1.4712989312367297,sta>ter@26 ter>run@230 run>ter@264 ter>run@337 run>ste@363 ste>wal@389 wal>ter@421,slope_up,terrain,5.032029626042774,True,30.0,vision,142,446,slope_up:15 slope_down:15 slope_up:9 stairs_up:0.04,False,7,0,tilt,4018,run:60 stand:26 stepover:26 terrain:302 walk:32,False,False,nan,False
1.6554208647170174,sta>ter@26 ter>run@400 run>ste@426 ste>wal@499 wal>ter@525 ter>run@706 run>ste@732 ste>wal@758 wal>ter@797 ter>run@1158 run>ste@1184 ste>wal@1216 wal>run@1242 run>ter@1268,,terrain,22.086946048136,False,22.08,vision,497,1422,stairs_up:0.04 bar:0.05 stairs_up:0.04 stairs_up:0.03,False,14,4,,4019,run:104 stand:26 stepover:131 terrain:1070 walk:91,False,True,28.44,False
1.472550924808287,sta>wal@26 wal>run@52 run>ter@78 ter>run@370 run>ter@396 ter>run@509 run>ste@535 ste>wal@629 wal>ste@705 ste>wal@740,slope_up,walk,7.514990563096523,True,28.08,vision,80,749,bar:0.05 slope_up:15 rough:0.04 rough:0.06,False,10,1,tilt,4020,run:78 stand:26 stepover:129 terrain:405 walk:111,False,False,nan,False
1.5546755023167107,sta>ter@26 ter>run@52 run>ste@78 ste>wal@146 wal>ter@172 ter>run@286 run>ter@312 ter>run@534 run>ste@560 ste>wal@586 wal>ter@612 ter>ste@720,slope_up,stepover,7.948340997917654,False,28.08,vision,236,1067,bar:0.05 slope_up:15 slope_down:15 slope_up:15,False,12,1,no_progress,4021,run:78 stand:26 stepover:441 terrain:470 walk:52,True,False,nan,False
1.6714419097856137,sta>ter@26 ter>run@237 run>ter@272 ter>run@305 run>ter@331,slope_up,terrain,4.3421048077683855,True,28.08,vision,154,445,slope_up:15 slope_down:9 slope_up:9 bar:0.03,False,5,0,tilt,4022,run:61 stand:26 terrain:358,False,False,nan,False
1.3650713791604545,sta>wal@26 wal>ter@52 ter>run@340 run>ste@366 ste>wal@402 wal>ter@428 ter>run@605 run>ste@631 ste>wal@657 wal>ter@690 ter>run@716 run>ter@742 ter>run@869 run>ter@895,,terrain,26.09437572993445,False,26.08,vision,886,1844,bar:0.05 slope_up:9 stairs_down:0.04 rough:0.04,False,14,4,,4023,run:104 stand:26 stepover:62 terrain:1567 walk:85,False,True,36.88,False
1.5058676236401722,sta>ter@26 ter>run@316 run>ste@342 ste>wal@389 wal>ter@415 ter>run@490 run>ste@516 ste>wal@542 wal>ter@568 ter>run@664 run>ter@703 ter>run@729 run>ste@755 ste>wal@783 wal>ter@809 ter>run@991 run>ste@1017 ste>run@1057 run>ter@1083 ter>run@1416 run>ste@1442 ste>run@1613 run>ste@1639 ste>wal@1683 wal>ter@1709,,terrain,30.014427795099213,False,30.0,vision,762,2033,rough:0.06 rough:0.06 stairs_up:0.03 rough:0.06,False,25,4,,4024,run:221 stand:26 stepover:356 terrain:1326 walk:104,False,True,40.660000000000004,False
1.6038933971496192,sta>ter@26 ter>run@244 run>ste@270 ste>wal@296 wal>ter@322 ter>run@658 run>ter@684 ter>run@710 run>ter@736 ter>run@823 run>ste@849 ste>wal@942,stairs_up,walk,10.13385775149139,True,24.08,vision,470,951,stairs_up:0.04 stairs_up:0.04 rough:0.06 bar:0.03,False,12,1,tilt,4025,run:104 stand:26 stepover:119 terrain:667 walk:35,False,False,nan,False
1.3879967703905487,sta>ter@26 ter>run@417 run>ste@443 ste>run@640 run>ter@666 ter>run@1185 run>ste@1211,,stepover,26.100314796534395,False,26.08,vision,705,1427,stairs_up:0.03 rough:0.04 slope_up:9 bar:0.03,False,7,4,,4026,run:78 stand:26 stepover:413 terrain:910,False,True,28.54,False
1.4692871013404527,sta>ter@26 ter>run@563 run>ste@589 ste>wal@989 wal>run@1015 run>ter@1041,,terrain,26.082992417997026,False,26.08,vision,664,1422,slope_up:9 bar:0.05 rough:0.04 stairs_down:0.06,False,6,4,,4027,run:52 stand:26 stepover:400 terrain:918 walk:26,False,True,28.44,False
1.4094822697559841,sta>ter@26 ter>run@565 run>ter@591 ter>run@679 run>ter@705 ter>run@877 run>ste@903 ste>wal@1027 wal>run@1053 run>ter@1094,,terrain,24.080912188975166,False,24.08,vision,878,1471,slope_up:9 stairs_down:0.06 bar:0.03 stairs_down:0.04,False,10,4,,4028,run:119 stand:26 stepover:124 terrain:1176 walk:26,False,True,29.42,False
1.6065079416932975,sta>wal@26 wal>ter@52 ter>run@78 run>ste@104 ste>wal@169 wal>ter@195 ter>run@288 run>ste@314 ste>wal@340 wal>run@366 run>ste@392 ste>wal@422 wal>ter@448 ter>run@535 run>ste@561 ste>run@605 run>ter@631 ter>run@812 run>ste@838 ste>wal@864 wal>ter@890 ter>run@959 run>ste@985,,stepover,20.174347750901223,False,20.16,vision,309,1080,bar:0.05 stairs_up:0.03 bar:0.05 stairs_up:0.03,False,23,4,,4029,run:182 stand:26 stepover:286 terrain:456 walk:130,False,True,21.6,False
1.3550681532612685,sta>ter@26 ter>run@562 run>ste@588 ste>wal@636 wal>ter@662 ter>run@993 run>ter@1019 ter>run@1072 run>ter@1098 ter>run@1159 run>ste@1185 ste>wal@1211 wal>ter@1237 ter>run@1263 run>ter@1289,,terrain,24.081215292281247,False,24.08,vision,685,1548,slope_up:9 bar:0.03 stairs_up:0.04 stairs_up:0.03,False,15,4,,4030,run:130 stand:26 stepover:74 terrain:1266 walk:52,False,True,30.96,False
1.5682274539119885,sta>ter@26 ter>run@56 run>ste@108 ste>wal@262,rough,walk,4.151097439129182,True,26.08,vision,66,266,rough:0.06 slope_up:9 stairs_up:0.04 bar:0.05,False,4,0,tilt,4031,run:52 stand:26 stepover:154 terrain:30 walk:4,False,False,nan,False
1.3506112203287375,sta>ter@26 ter>run@510 run>ter@536 ter>run@873 run>ste@899 ste>wal@930 wal>ter@956 ter>run@1175 run>ter@1201 ter>run@1515 run>ste@1541,,stepover,26.004314057850927,False,26.0,vision,865,1631,slope_up:9 stairs_up:0.04 stairs_down:0.04 stairs_down:0.04,False,11,4,,4032,run:104 stand:26 stepover:121 terrain:1354 walk:26,False,True,32.62,False
1.5485523938310806,sta>wal@26 wal>ter@52 ter>run@340 run>ste@366 ste>wal@392 wal>run@418 run>ter@444 ter>run@839 run>ste@865 ste>wal@1034 wal>ter@1060 ter>run@1086 run>ter@1114 ter>run@1187,rough,run,18.30599651476693,True,30.0,vision,520,1197,rough:0.06 stairs_up:0.04 rough:0.06 rough:0.06,True,14,2,left_course,4033,run:116 stand:26 stepover:195 terrain:782 walk:78,False,False,nan,False
1.343335762201172,sta>ter@26 ter>run@389 run>ste@415 ste>run@631 run>ter@698 ter>run@1271 run>ste@1297 ste>wal@1323 wal>ter@1349,,terrain,28.01088595328352,False,28.0,vision,693,1656,stairs_up:0.03 rough:0.04 rough:0.04 stairs_up:0.04,False,9,4,,4034,run:119 stand:26 stepover:242 terrain:1243 walk:26,False,True,33.12,False
1.4572201337784645,sta>wal@26 wal>run@56 run>ste@82 ste>wal@306 wal>ter@332 ter>run@530 run>ste@556 ste>wal@582 wal>ter@615 ter>run@641 run>ter@667 ter>run@1135 run>ter@1161 ter>run@1187 run>ste@1213 ste>run@1239 run>ter@1265,,terrain,28.00040878562077,False,28.0,vision,813,1622,rough:0.04 stairs_up:0.03 slope_up:9 stairs_down:0.06,False,17,4,,4035,run:156 stand:26 stepover:276 terrain:1075 walk:89,False,True,32.44,False
1.3515996043533602,sta>wal@26 wal>ter@52 ter>run@540 run>ter@566 ter>run@601 run>ter@627 ter>run@670 run>ter@696 ter>run@854 run>ter@880 ter>run@1251 run>ste@1280 ste>wal@1336 wal>ter@1362 ter>run@1406 run>ste@1432 ste>wal@1511 wal>ter@1537 ter>run@1586 run>ste@1612,,stepover,22.180150309689623,False,22.16,vision,547,1715,bar:0.03 rough:0.04 bar:0.05 stairs_up:0.03,False,20,4,,4036,run:185 stand:26 stepover:238 terrain:1188 walk:78,False,True,34.300000000000004,False
1.6285039283396876,sta>wal@26 wal>run@53 run>ste@82 ste>run@234 run>ter@260 ter>run@444 run>ste@470,rough,stepover,5.8891583789128275,True,30.0,vision,189,482,rough:0.06 rough:0.04 slope_up:15 stairs_up:0.03,True,7,0,left_course,4037,run:81 stand:26 stepover:164 terrain:184 walk:27,False,False,nan,False
1.3860660016460025,sta>wal@26 wal>ter@52 ter>run@775 run>ter@801 ter>run@1408 run>ste@1434,,stepover,24.160628744501352,False,24.159999999999997,vision,711,1529,bar:0.03 slope_up:9 slope_down:9 bar:0.03,False,6,4,,4038,run:52 stand:26 stepover:95 terrain:1330 walk:26,False,True,30.580000000000002,False
1.4747649621411976,sta>ter@26 ter>run@569 run>ste@595 ste>wal@621 wal>run@647 run>ter@684 ter>run@821 run>ste@847 ste>wal@904 wal>ter@930 ter>run@1546 run>ter@1572,,terrain,26.00839138538054,False,26.0,vision,933,1765,slope_up:9 stairs_down:0.06 stairs_down:0.04 stairs_up:0.04,False,12,4,,4039,run:115 stand:26 stepover:83 terrain:1489 walk:52,False,True,35.300000000000004,False
