A,B,brake_s,cmd_A,cmd_B,fall_step,fell,fell_in_A,final_vx,peak_tilt_1s,phase,reason,seed,settle_s,speed_at_switch,tilt_at_switch,via,warmup
run,stand,,2.327496197951321,0.0,15,True,False,1.944214867238156,60.282799823195845,0.6417475011226116,tilt,7000,,2.367320945673032,4.609610513001543,,0
run,stand,,2.2388400134258255,0.0,32,True,False,1.1217766585439894,61.22123762510464,0.8071105991414456,tilt,7001,,2.2608798432888166,1.6594295322660855,,0
run,stand,,2.2205483091887386,0.0,,False,False,0.00012675226784087756,21.456018714521477,0.6191018852566538,,7002,0.98,2.2212247206197575,5.289099964093627,,0
run,stand,,1.6563509199193982,0.0,,False,False,0.00039164036384476656,16.117019140624567,0.41295010256380293,,7003,0.84,1.618869414874386,3.94885157810317,,0
run,stand,,1.8382239844582013,0.0,,False,False,0.00024475310218238875,25.15404474835574,0.7027972130767935,,7004,0.98,1.9665393400896636,1.124196572028944,,0
run,stand,,2.389233001164239,0.0,,False,False,0.0003549137236771376,24.399324739737754,0.20687638531928698,,7005,1.5,2.3548327614560427,3.36697434110982,,0
run,stand,,2.2056621080322216,0.0,,False,False,0.0006502445183812073,19.762180471538684,0.3122425558404124,,7006,1.42,2.1361383975256363,3.4525048844452506,,0
run,stand,,2.317598525871633,0.0,,False,False,0.0006491970571512337,25.350850855231016,0.024016398048589904,,7007,1.48,2.3311623435113513,2.389837730923276,,0
run,stand,,2.4541501285798035,0.0,24,True,False,1.5284977175099836,61.219007131459065,0.5977993551734272,tilt,7008,,2.399680529590807,5.728842863679598,,0
run,stand,,1.9233801405575517,0.0,10,True,False,1.696003838367082,70.31737387760083,0.8805211983470747,tilt,7009,,1.8239267024096406,0.8626779736026841,,0
run,stand,,1.8023393360816853,0.0,,False,False,0.000220188178445012,15.19189328018273,0.4109993145610889,,7010,0.8,1.7310495510754966,5.998577880289723,,0
run,stand,,2.0134249468049834,0.0,36,True,False,0.6439954855852605,65.95272322830115,0.786932584522861,tilt,7011,,2.0194117399197156,2.283430212917522,,0
run,stand,,2.248234122533968,0.0,,False,False,-3.655497014850394e-05,30.30112039630631,0.18243656469710384,,7012,1.16,2.1552043204878606,3.527441296775147,,0
run,stand,,2.2375093013831977,0.0,13,True,False,1.095105203341832,61.71735326910851,0.701373297121294,tilt,7013,,2.229550126351562,5.63598319774259,,0
run,stand,,2.221200427929742,0.0,59,True,False,0.3367702244440249,52.23876909088588,0.45284228293716716,tilt,7014,,2.2681352147369216,4.337852412412881,,0
run,stand,,2.2817323883530483,0.0,16,True,False,1.9494932316412648,52.011372414648264,0.9996131343076661,trunk_contact,7015,,2.3222823572533704,2.4752502572067847,,0
run,stand,,1.8340080987255063,0.0,,False,False,0.0007078925892705419,16.371562391653224,0.8268723915112429,,7016,0.86,1.7494063345332544,0.3686547373767805,,0
run,stand,,1.781396306887105,0.0,,False,False,0.00024830779054186766,10.397787859576178,0.7958965558290403,,7017,0.78,1.744754010811438,0.922346300846177,,0
run,stand,,2.1027593618292335,0.0,,False,False,0.0004048764912296897,11.155868583877842,0.23799790483021238,,7018,0.5,2.0793557775539475,4.761809116790745,,0
run,stand,,2.0818674131412687,0.0,,False,False,0.0005155691632890091,23.984948866054072,0.265435164002351,,7019,1.06,2.070185525118924,3.0421161220237884,,0
run,stand,,1.7634479538053645,0.0,33,True,False,0.7084881021334472,66.37106593730441,0.04305912717347837,tilt,7020,,1.7527603760186903,2.651776468715212,,0
run,stand,,1.5469994317967317,0.0,,False,False,-7.979267325136969e-05,17.950557879202265,0.38147036923228117,,7021,0.72,1.4372603288773083,3.680548754552715,,0
run,stand,,1.5220710023969228,0.0,,False,False,0.0003542708991853212,12.494159671281025,0.25901071336278525,,7022,0.78,1.4997646750596005,2.3376993905581416,,0
run,stand,,2.4017653315523586,0.0,19,True,False,1.43559321630518,63.38745269716502,0.8322049600633667,tilt,7023,,2.360031226092723,4.401188228517898,,0
run,stand,,1.6586273118846102,0.0,,False,False,0.0002995185841499264,19.97484461729113,0.06454973718531411,,7024,0.8200000000000001,1.6093115017261637,4.032149140384395,,0
run,stand,,2.4232146033475224,0.0,12,True,False,1.6966361188735744,64.3625682584192,0.6704246127182647,tilt,7025,,2.4092691164200595,5.555762202960587,,0
run,stand,,2.316948325453831,0.0,,False,False,0.0004715010309720066,14.28408581497336,0.12799742999342928,,7026,0.8,2.2817304994812697,3.0405731253289288,,0
run,stand,,1.8482433114124928,0.0,,False,False,-8.56372266154445e-05,19.01984911136643,0.1510096619865596,,7027,1.34,1.7778309496019937,3.9682587477271642,,0
run,stand,,1.6772669390657413,0.0,,False,False,0.0004868267530285908,11.856321411529485,0.02455321375160824,,7028,0.74,1.6387276806123623,2.796062495080555,,0
run,stand,,2.0524619431312843,0.0,22,True,False,0.918860322195398,64.05814380600043,0.6434658626263356,tilt,7029,,2.1105761821374007,2.1122560838502102,,0
run,stand,,1.6102271698001673,0.0,,False,False,0.000489737520854815,9.046617149142016,0.37775350528104923,,7030,0.76,1.4533212151486865,5.142886292282053,,0
run,stand,,1.835803477525246,0.0,,False,False,0.0007111122923695987,17.34663648715207,0.22846433414259987,,7031,0.9,1.8281005273631707,3.000190756394938,,0
run,stand,,2.300665806804429,0.0,41,True,False,0.24227577614267135,63.978328064213144,0.5315592524042193,tilt,7032,,2.3454058602359353,4.353634650648793,,0
run,stand,,1.548112428049047,0.0,,False,False,0.0007777992228759939,17.18475443340486,0.6291200406663683,,7033,0.96,1.6491675946115008,1.538232944414632,,0
run,stand,,1.8232275638518258,0.0,,False,False,-4.5458596959044855e-06,14.84905885787635,0.5269208601713692,,7034,0.84,1.857351819598601,3.814070521663896,,0
run,stand,,2.125850949965842,0.0,18,True,False,1.3281215401116118,62.05005439799855,0.8056342701006493,tilt,7035,,2.1329126672825,1.5337251897529354,,0
run,stand,,1.9479230838330552,0.0,,False,False,0.0006942031854049706,17.777298644857314,0.9989992712933283,,7036,1.0,1.8822122232859657,2.3251414306489617,,0
run,stand,,1.832354581890627,0.0,23,True,False,1.4223635647211859,51.49174354024707,0.9782512649045739,trunk_contact,7037,,1.7577958155563127,1.7688463210315923,,0
run,stand,,1.5675272297635057,0.0,,False,False,9.369669684224538e-05,14.443147572453617,0.09620049828712396,,7038,0.76,1.5313013244322726,3.7731409296710297,,0
run,stand,,1.64218301992537,0.0,,False,False,2.1406676627669785e-05,20.809428377076678,0.7477578723036463,,7039,1.48,1.6528543237616429,2.0254762759394542,,0
run,stand,,2.4004262983673126,0.0,32,True,False,1.0137793132395374,69.3141464890904,0.15444466256959372,tilt,7040,,2.41672966757994,2.83608457994265,,0
run,stand,,2.4047027312032503,0.0,17,True,False,1.7094780967605705,63.47144181480902,0.059142240590567274,tilt,7041,,2.334271077558454,2.9088383532793896,,0
run,stand,,2.458685846843325,0.0,43,True,False,-0.1995765953953813,60.1732729467663,0.5633791367935276,tilt,7042,,2.462378463992644,4.613849804462602,,0
run,stand,,2.1673332147220723,0.0,28,True,False,0.9549909653811663,60.5005593619213,0.8315117472750986,tilt,7043,,2.145565738339023,2.86372124760958,,0
run,stand,,1.7311451088601606,0.0,12,True,False,1.6059159835627936,60.896290820188504,0.8488740573999947,tilt,7044,,1.6118802019806513,0.9047628627333751,,0
run,stand,,2.229941890220316,0.0,,False,False,-3.552151309805556e-05,15.020078826981065,0.2960130978056492,,7045,1.12,2.2733980513152834,4.403323000846653,,0
run,stand,,2.0296536257692375,0.0,,False,False,0.0003031672843128887,14.764741890918756,0.21849293162821726,,7046,0.96,2.023796566534828,4.019332325293379,,0
run,stand,,1.7104637337087967,0.0,,False,False,0.00041105886923279973,28.885213446738746,0.4518152608784968,,7047,1.08,1.6682370086082108,4.7627308697362665,,0
run,stand,,2.3897762248070475,0.0,,False,False,0.00014496112902021144,19.674375949443405,0.2662918836797139,,7048,0.66,2.39174761401572,4.2114259664384175,,0
run,stand,,1.770097768729273,0.0,,False,False,0.00035105921293152167,20.15221743672202,0.11832656484109735,,7049,0.96,1.7359249813965492,3.5318241810270017,,0
run,stand,0.3,2.327496197951321,0.0,,False,False,0.0005349158052578788,23.39645682943973,0.6417475011226116,,7000,1.06,2.367320945673032,4.609610513001543,walk cmd 0.0 until <0.6 m/s,0
run,stand,,2.2388400134258255,0.0,25,True,False,0.8148967261602438,62.162609846841235,0.8071105991414456,tilt,7001,,2.2608798432888166,1.6594295322660855,walk cmd 0.0 until <0.6 m/s,0
run,stand,-5.92,2.2205483091887386,0.0,,False,False,0.00018654941187371246,7.670270107741069,0.593455894859327,,7002,0.0,0.00036219321072261635,7.657878410788343,walk cmd 0.0 until <0.6 m/s,0
run,stand,0.26,1.6563509199193982,0.0,,False,False,0.0005962389402992541,46.00952462728297,0.41295010256380293,,7003,1.1,1.618869414874386,3.94885157810317,walk cmd 0.0 until <0.6 m/s,0
run,stand,0.22,1.8382239844582013,0.0,,False,False,0.0006858141232452687,20.427403503938947,0.7027972130767935,,7004,0.66,1.9665393400896636,1.124196572028944,walk cmd 0.0 until <0.6 m/s,0
run,stand,0.3,2.389233001164239,0.0,37,True,False,0.5317519047744153,63.13274662846501,0.20687638531928698,tilt,7005,,2.3548327614560427,3.36697434110982,walk cmd 0.0 until <0.6 m/s,0
run,stand,0.28,2.2056621080322216,0.0,24,True,False,0.9449504500120479,62.56942603409306,0.3122425558404124,tilt,7006,,2.1361383975256363,3.4525048844452506,walk cmd 0.0 until <0.6 m/s,0
run,stand,,2.317598525871633,0.0,25,True,False,1.0329418072406784,63.281554879650045,0.024016398048589904,tilt,7007,,2.3311623435113513,2.389837730923276,walk cmd 0.0 until <0.6 m/s,0
run,stand,-6.0200000000000005,2.4541501285798035,0.0,,False,False,0.00014938461435999253,7.694891059499741,0.7938155811230094,,7008,0.0,0.0002940158153619315,7.683473603055932,walk cmd 0.0 until <0.6 m/s,0
run,stand,0.28,1.9233801405575517,0.0,,False,False,0.0003653566030885801,36.288393667228554,0.8805211983470747,,7009,1.16,1.8239267024096406,0.8626779736026841,walk cmd 0.0 until <0.6 m/s,0
run,stand,0.28,1.8023393360816853,0.0,29,True,False,0.5534329920056863,66.62887635521662,0.4109993145610889,tilt,7010,,1.7310495510754966,5.998577880289723,walk cmd 0.0 until <0.6 m/s,0
run,stand,0.24,2.0134249468049834,0.0,,False,False,0.0005896687329560398,30.12743227326227,0.786932584522861,,7011,1.04,2.0194117399197156,2.283430212917522,walk cmd 0.0 until <0.6 m/s,0
run,stand,0.26,2.248234122533968,0.0,,False,False,0.00021673951019602857,16.886487905934793,0.18243656469710384,,7012,0.78,2.1552043204878606,3.527441296775147,walk cmd 0.0 until <0.6 m/s,0
run,stand,0.28,2.2375093013831977,0.0,,False,False,0.0003646960334690119,23.941319135487124,0.701373297121294,,7013,1.08,2.229550126351562,5.63598319774259,walk cmd 0.0 until <0.6 m/s,0
run,stand,,2.221200427929742,0.0,20,True,False,1.2783791350033684,62.332545198329875,0.45284228293716716,tilt,7014,,2.2681352147369216,4.337852412412881,walk cmd 0.0 until <0.6 m/s,0
run,stand,-6.0,2.2817323883530483,0.0,,False,False,0.00017418488693822818,7.834494606925387,0.3092188041893762,,7015,0.0,0.0002799279819090866,7.834653996500525,walk cmd 0.0 until <0.6 m/s,0
run,stand,0.24,1.8340080987255063,0.0,,False,False,1.1619644191730499e-05,27.99378839287448,0.8268723915112429,,7016,1.1,1.7494063345332544,0.3686547373767805,walk cmd 0.0 until <0.6 m/s,0
run,stand,0.22,1.781396306887105,0.0,,False,False,0.00032968567342623727,27.184013016716523,0.7958965558290403,,7017,1.02,1.744754010811438,0.922346300846177,walk cmd 0.0 until <0.6 m/s,0
run,stand,0.26,2.1027593618292335,0.0,,False,False,0.0005967626243725733,18.24333415914261,0.23799790483021238,,7018,0.78,2.0793557775539475,4.761809116790745,walk cmd 0.0 until <0.6 m/s,0
run,stand,0.26,2.0818674131412687,0.0,,False,False,4.616013097327306e-05,26.562238614220902,0.265435164002351,,7019,1.02,2.070185525118924,3.0421161220237884,walk cmd 0.0 until <0.6 m/s,0
run,stand,0.26,1.7634479538053645,0.0,,False,False,4.7528155046809236e-05,11.171432846398686,0.04305912717347837,,7020,0.6,1.7527603760186903,2.651776468715212,walk cmd 0.0 until <0.6 m/s,0
run,stand,0.24,1.5469994317967317,0.0,,False,False,0.0008047811745307755,31.450225288871433,0.38147036923228117,,7021,0.98,1.4372603288773083,3.680548754552715,walk cmd 0.0 until <0.6 m/s,0
run,stand,0.2,1.5220710023969228,0.0,,False,False,0.0004978966121106038,16.95042720352368,0.25901071336278525,,7022,0.62,1.4997646750596005,2.3376993905581416,walk cmd 0.0 until <0.6 m/s,0
run,stand,,2.4017653315523586,0.0,23,True,False,1.0130719339645384,61.95510318281185,0.8322049600633667,tilt,7023,,2.360031226092723,4.401188228517898,walk cmd 0.0 until <0.6 m/s,0
run,stand,-6.0200000000000005,1.6586273118846102,0.0,,False,False,-4.491762082529538e-05,7.655205474821599,0.0496133196399593,,7024,0.0,-7.954070955686052e-05,7.6552492810758075,walk cmd 0.0 until <0.6 m/s,0
run,stand,0.3,2.4232146033475224,0.0,27,True,False,0.8243387053758283,62.020243754609105,0.6704246127182647,tilt,7025,,2.4092691164200595,5.555762202960587,walk cmd 0.0 until <0.6 m/s,0
run,stand,0.28,2.316948325453831,0.0,,False,False,0.0005445610963621658,15.627422647705341,0.12799742999342928,,7026,0.74,2.2817304994812697,3.0405731253289288,walk cmd 0.0 until <0.6 m/s,0
run,stand,0.24,1.8482433114124928,0.0,,False,False,0.000562659988614134,12.873287417845066,0.1510096619865596,,7027,0.62,1.7778309496019937,3.9682587477271642,walk cmd 0.0 until <0.6 m/s,0
run,stand,0.26,1.6772669390657413,0.0,,False,False,0.0005321865813290908,8.445477398745098,0.02455321375160824,,7028,0.52,1.6387276806123623,2.796062495080555,walk cmd 0.0 until <0.6 m/s,0
run,stand,0.26,2.0524619431312843,0.0,,False,False,1.2052077818463025e-06,21.851163768328487,0.6434658626263356,,7029,1.02,2.1105761821374007,2.1122560838502102,walk cmd 0.0 until <0.6 m/s,0
run,stand,0.24,1.6102271698001673,0.0,,False,False,0.00022751950979530848,37.33310505153414,0.37775350528104923,,7030,0.8200000000000001,1.4533212151486865,5.142886292282053,walk cmd 0.0 until <0.6 m/s,0
run,stand,0.22,1.835803477525246,0.0,,False,False,0.00026215295697659365,17.842100148370946,0.22846433414259987,,7031,0.4,1.8281005273631707,3.000190756394938,walk cmd 0.0 until <0.6 m/s,0
run,stand,0.52,2.300665806804429,0.0,31,True,False,0.6446814240506213,64.16413160912492,0.5315592524042193,tilt,7032,,2.3454058602359353,4.353634650648793,walk cmd 0.0 until <0.6 m/s,0
run,stand,0.2,1.548112428049047,0.0,,False,False,0.0003873386534639768,11.816776090241431,0.6291200406663683,,7033,0.48,1.6491675946115008,1.538232944414632,walk cmd 0.0 until <0.6 m/s,0
run,stand,0.24,1.8232275638518258,0.0,,False,False,0.00027122418566014853,17.807273104660005,0.5269208601713692,,7034,0.7000000000000001,1.857351819598601,3.814070521663896,walk cmd 0.0 until <0.6 m/s,0
run,stand,,2.125850949965842,0.0,26,True,False,0.7217600820864347,62.864923174556736,0.8056342701006493,tilt,7035,,2.1329126672825,1.5337251897529354,walk cmd 0.0 until <0.6 m/s,0
run,stand,-6.12,1.9479230838330552,0.0,,False,False,0.00020004691351829077,7.619543074753406,0.8977099982350323,,7036,0.0,0.00043787166715478465,7.580706168741805,walk cmd 0.0 until <0.6 m/s,0
run,stand,0.32,1.832354581890627,0.0,32,True,False,0.49863377806249587,62.40678194541411,0.9782512649045739,tilt,7037,,1.7577958155563127,1.7688463210315923,walk cmd 0.0 until <0.6 m/s,0
run,stand,0.24,1.5675272297635057,0.0,,False,False,0.00028333175141068444,11.324352318456166,0.09620049828712396,,7038,0.66,1.5313013244322726,3.7731409296710297,walk cmd 0.0 until <0.6 m/s,0
run,stand,0.2,1.64218301992537,0.0,,False,False,0.0005263281989697507,21.393117944537718,0.7477578723036463,,7039,0.7000000000000001,1.6528543237616429,2.0254762759394542,walk cmd 0.0 until <0.6 m/s,0
run,stand,0.3,2.4004262983673126,0.0,,False,False,-0.00016737740070823156,24.608875975769397,0.15444466256959372,,7040,1.46,2.41672966757994,2.83608457994265,walk cmd 0.0 until <0.6 m/s,0
run,stand,0.3,2.4047027312032503,0.0,,False,False,0.0008177652501607693,16.862665245058093,0.059142240590567274,,7041,0.88,2.334271077558454,2.9088383532793896,walk cmd 0.0 until <0.6 m/s,0
run,stand,0.34,2.458685846843325,0.0,30,True,False,0.6504768490211235,62.79125739976628,0.5633791367935276,tilt,7042,,2.462378463992644,4.613849804462602,walk cmd 0.0 until <0.6 m/s,0
run,stand,,2.1673332147220723,0.0,24,True,False,0.8973515379741508,62.43788798082622,0.8315117472750986,tilt,7043,,2.145565738339023,2.86372124760958,walk cmd 0.0 until <0.6 m/s,0
run,stand,-6.16,1.7311451088601606,0.0,,False,False,0.00035724566652651384,7.728413454251859,0.9450201868214018,,7044,0.0,0.000706791095013306,7.717654004736805,walk cmd 0.0 until <0.6 m/s,0
run,stand,0.3,2.229941890220316,0.0,31,True,False,0.6962060925735045,61.87046352793496,0.2960130978056492,tilt,7045,,2.2733980513152834,4.403323000846653,walk cmd 0.0 until <0.6 m/s,0
run,stand,0.24,2.0296536257692375,0.0,,False,False,0.0004339895734449713,18.091683839773562,0.21849293162821726,,7046,0.62,2.023796566534828,4.019332325293379,walk cmd 0.0 until <0.6 m/s,0
run,stand,0.28,1.7104637337087967,0.0,34,True,False,0.44086973800442925,60.31051041834446,0.4518152608784968,tilt,7047,,1.6682370086082108,4.7627308697362665,walk cmd 0.0 until <0.6 m/s,0
run,stand,0.3,2.3897762248070475,0.0,35,True,False,0.7607037921827993,73.1311898327238,0.2662918836797139,tilt,7048,,2.39174761401572,4.2114259664384175,walk cmd 0.0 until <0.6 m/s,0
run,stand,0.24,1.770097768729273,0.0,,False,False,0.0005748131338173144,13.732942099392265,0.11832656484109735,,7049,0.66,1.7359249813965492,3.5318241810270017,walk cmd 0.0 until <0.6 m/s,0
run,stand,0.48,2.327496197951321,0.0,,False,False,-9.971123903550564e-05,23.15431745963074,0.6417475011226116,,7000,0.58,2.367320945673032,4.609610513001543,walk cmd 0.4 until <0.6 m/s,0
run,stand,0.36,2.2388400134258255,0.0,,False,False,0.00016976043699965838,16.34668887328525,0.8071105991414456,,7001,0.7000000000000001,2.2608798432888166,1.6594295322660855,walk cmd 0.4 until <0.6 m/s,0
run,stand,0.44,2.2205483091887386,0.0,,False,False,1.5996554784165897e-05,17.903417124936514,0.6191018852566538,,7002,0.78,2.2212247206197575,5.289099964093627,walk cmd 0.4 until <0.6 m/s,0
run,stand,0.3,1.6563509199193982,0.0,,False,False,2.7748569565913773e-06,12.789381160814647,0.41295010256380293,,7003,0.8200000000000001,1.618869414874386,3.94885157810317,walk cmd 0.4 until <0.6 m/s,0
run,stand,0.36,1.8382239844582013,0.0,,False,False,-2.111621167827032e-06,8.028656928173863,0.7027972130767935,,7004,0.58,1.9665393400896636,1.124196572028944,walk cmd 0.4 until <0.6 m/s,0
run,stand,0.38,2.389233001164239,0.0,,False,False,0.0001290583742485391,18.77695855941352,0.20687638531928698,,7005,0.58,2.3548327614560427,3.36697434110982,walk cmd 0.4 until <0.6 m/s,0
run,stand,0.32,2.2056621080322216,0.0,,False,False,0.00044632374340834014,19.86260063186179,0.3122425558404124,,7006,0.66,2.1361383975256363,3.4525048844452506,walk cmd 0.4 until <0.6 m/s,0
run,stand,0.46,2.317598525871633,0.0,,False,False,0.00014034209712724183,15.64531577806439,0.024016398048589904,,7007,0.84,2.3311623435113513,2.389837730923276,walk cmd 0.4 until <0.6 m/s,0
run,stand,0.56,2.4541501285798035,0.0,,False,False,0.0004967479684468965,28.893102707666486,0.5977993551734272,,7008,0.9400000000000001,2.399680529590807,5.728842863679598,walk cmd 0.4 until <0.6 m/s,0
run,stand,0.32,1.9233801405575517,0.0,,False,False,0.00026290954782588765,8.806314676067197,0.8805211983470747,,7009,0.64,1.8239267024096406,0.8626779736026841,walk cmd 0.4 until <0.6 m/s,0
run,stand,0.3,1.8023393360816853,0.0,,False,False,3.590018189161085e-05,13.630885811757906,0.4109993145610889,,7010,0.92,1.7310495510754966,5.998577880289723,walk cmd 0.4 until <0.6 m/s,0
run,stand,0.36,2.0134249468049834,0.0,,False,False,-0.0001811387781828645,12.899923020506971,0.786932584522861,,7011,0.52,2.0194117399197156,2.283430212917522,walk cmd 0.4 until <0.6 m/s,0
run,stand,0.38,2.248234122533968,0.0,,False,False,0.0004290294646696311,16.08564908535601,0.18243656469710384,,7012,0.66,2.1552043204878606,3.527441296775147,walk cmd 0.4 until <0.6 m/s,0
run,stand,0.4,2.2375093013831977,0.0,,False,False,3.709620050839176e-05,13.095114828818962,0.701373297121294,,7013,0.62,2.229550126351562,5.63598319774259,walk cmd 0.4 until <0.6 m/s,0
run,stand,0.5,2.221200427929742,0.0,,False,False,0.00030359225965188733,20.00166029766584,0.45284228293716716,,7014,0.8,2.2681352147369216,4.337852412412881,walk cmd 0.4 until <0.6 m/s,0
run,stand,0.46,2.2817323883530483,0.0,,False,False,0.00037853274893485765,13.877656820088639,0.9996131343076661,,7015,0.78,2.3222823572533704,2.4752502572067847,walk cmd 0.4 until <0.6 m/s,0
run,stand,0.34,1.8340080987255063,0.0,,False,False,0.00039625968317368184,8.76577477759054,0.8268723915112429,,7016,0.6,1.7494063345332544,0.3686547373767805,walk cmd 0.4 until <0.6 m/s,0
run,stand,0.34,1.781396306887105,0.0,,False,False,0.00012613702238042945,8.914428988739271,0.7958965558290403,,7017,0.52,1.744754010811438,0.922346300846177,walk cmd 0.4 until <0.6 m/s,0
run,stand,0.36,2.1027593618292335,0.0,,False,False,0.0003088715757963551,14.675217424167114,0.23799790483021238,,7018,0.62,2.0793557775539475,4.761809116790745,walk cmd 0.4 until <0.6 m/s,0
run,stand,0.34,2.0818674131412687,0.0,,False,False,0.00013840102480823792,15.019684760104516,0.265435164002351,,7019,0.62,2.070185525118924,3.0421161220237884,walk cmd 0.4 until <0.6 m/s,0
run,stand,0.4,1.7634479538053645,0.0,,False,False,0.0004976669660661883,9.212243179577529,0.04305912717347837,,7020,0.62,1.7527603760186903,2.651776468715212,walk cmd 0.4 until <0.6 m/s,0
run,stand,0.32,1.5469994317967317,0.0,,False,False,0.00012824592935958143,12.455773334129118,0.38147036923228117,,7021,0.64,1.4372603288773083,3.680548754552715,walk cmd 0.4 until <0.6 m/s,0
run,stand,0.34,1.5220710023969228,0.0,,False,False,0.00041694340304829685,10.788378498275106,0.25901071336278525,,7022,0.56,1.4997646750596005,2.3376993905581416,walk cmd 0.4 until <0.6 m/s,0
run,stand,0.36,2.4017653315523586,0.0,,False,False,0.00023123346869809624,12.732340263664417,0.8322049600633667,,7023,0.7000000000000001,2.360031226092723,4.401188228517898,walk cmd 0.4 until <0.6 m/s,0
run,stand,0.3,1.6586273118846102,0.0,,False,False,2.1212383472133685e-05,8.89782323681323,0.06454973718531411,,7024,0.48,1.6093115017261637,4.032149140384395,walk cmd 0.4 until <0.6 m/s,0
run,stand,0.44,2.4232146033475224,0.0,,False,False,0.00042845791879194496,22.698897841821157,0.6704246127182647,,7025,0.78,2.4092691164200595,5.555762202960587,walk cmd 0.4 until <0.6 m/s,0
run,stand,0.42,2.316948325453831,0.0,,False,False,0.0004347301853778781,15.960386253790096,0.12799742999342928,,7026,0.76,2.2817304994812697,3.0405731253289288,walk cmd 0.4 until <0.6 m/s,0
run,stand,0.36,1.8482433114124928,0.0,,False,False,0.00040987632395346967,9.407777362274304,0.1510096619865596,,7027,0.6,1.7778309496019937,3.9682587477271642,walk cmd 0.4 until <0.6 m/s,0
run,stand,0.34,1.6772669390657413,0.0,,False,False,0.00014872393423352327,14.035189519271324,0.02455321375160824,,7028,0.76,1.6387276806123623,2.796062495080555,walk cmd 0.4 until <0.6 m/s,0
run,stand,0.4,2.0524619431312843,0.0,,False,False,0.0003010362669026021,9.445572373098932,0.6434658626263356,,7029,0.58,2.1105761821374007,2.1122560838502102,walk cmd 0.4 until <0.6 m/s,0
run,stand,0.32,1.6102271698001673,0.0,,False,False,-4.549517649395629e-05,16.19916801334803,0.37775350528104923,,7030,1.04,1.4533212151486865,5.142886292282053,walk cmd 0.4 until <0.6 m/s,0
run,stand,0.36,1.835803477525246,0.0,,False,False,0.0005229306821686878,11.705410390192748,0.22846433414259987,,7031,0.62,1.8281005273631707,3.000190756394938,walk cmd 0.4 until <0.6 m/s,0
run,stand,0.58,2.300665806804429,0.0,,False,False,0.00030098812973712775,25.777370118643425,0.5315592524042193,,7032,0.78,2.3454058602359353,4.353634650648793,walk cmd 0.4 until <0.6 m/s,0
run,stand,0.34,1.548112428049047,0.0,,False,False,0.00011786119951146922,7.606834477372679,0.6291200406663683,,7033,0.46,1.6491675946115008,1.538232944414632,walk cmd 0.4 until <0.6 m/s,0
run,stand,0.4,1.8232275638518258,0.0,,False,False,0.0003291602277834839,10.864504785279612,0.5269208601713692,,7034,0.7000000000000001,1.857351819598601,3.814070521663896,walk cmd 0.4 until <0.6 m/s,0
run,stand,0.34,2.125850949965842,0.0,,False,False,0.0004560759405581309,13.76474087169575,0.8056342701006493,,7035,0.64,2.1329126672825,1.5337251897529354,walk cmd 0.4 until <0.6 m/s,0
run,stand,0.4,1.9479230838330552,0.0,,False,False,0.0002704267371858294,9.628175701018804,0.9989992712933283,,7036,0.5,1.8822122232859657,2.3251414306489617,walk cmd 0.4 until <0.6 m/s,0
run,stand,0.36,1.832354581890627,0.0,,False,False,0.0001114027246216754,12.985446885677103,0.9782512649045739,,7037,0.62,1.7577958155563127,1.7688463210315923,walk cmd 0.4 until <0.6 m/s,0
run,stand,0.32,1.5675272297635057,0.0,,False,False,-0.00016028959829740425,8.182272560735756,0.09620049828712396,,7038,0.5,1.5313013244322726,3.7731409296710297,walk cmd 0.4 until <0.6 m/s,0
run,stand,0.32,1.64218301992537,0.0,,False,False,5.767757600543174e-05,8.706630435540616,0.7477578723036463,,7039,0.46,1.6528543237616429,2.0254762759394542,walk cmd 0.4 until <0.6 m/s,0
run,stand,0.4,2.4004262983673126,0.0,,False,False,-6.20945099623875e-05,18.94040760834185,0.15444466256959372,,7040,0.58,2.41672966757994,2.83608457994265,walk cmd 0.4 until <0.6 m/s,0
run,stand,0.44,2.4047027312032503,0.0,,False,False,0.00018649549837321936,17.61796913029088,0.059142240590567274,,7041,0.8200000000000001,2.334271077558454,2.9088383532793896,walk cmd 0.4 until <0.6 m/s,0
run,stand,0.58,2.458685846843325,0.0,,False,False,0.00013101497741433194,33.42491575397705,0.5633791367935276,,7042,1.16,2.462378463992644,4.613849804462602,walk cmd 0.4 until <0.6 m/s,0
run,stand,0.34,2.1673332147220723,0.0,,False,False,4.122834609021123e-05,12.304043287191682,0.8315117472750986,,7043,0.64,2.145565738339023,2.86372124760958,walk cmd 0.4 until <0.6 m/s,0
run,stand,0.32,1.7311451088601606,0.0,,False,False,0.0001610026829533701,9.400036237081475,0.8488740573999947,,7044,0.48,1.6118802019806513,0.9047628627333751,walk cmd 0.4 until <0.6 m/s,0
run,stand,0.32,2.229941890220316,0.0,,False,False,0.00022115780388347526,18.39600059809571,0.2960130978056492,,7045,0.62,2.2733980513152834,4.403323000846653,walk cmd 0.4 until <0.6 m/s,0
run,stand,0.36,2.0296536257692375,0.0,,False,False,0.00037542890721550516,13.767649156729004,0.21849293162821726,,7046,0.58,2.023796566534828,4.019332325293379,walk cmd 0.4 until <0.6 m/s,0
run,stand,0.3,1.7104637337087967,0.0,,False,False,-0.0001481777034041986,12.42064756585414,0.4518152608784968,,7047,0.9,1.6682370086082108,4.7627308697362665,walk cmd 0.4 until <0.6 m/s,0
run,stand,0.34,2.3897762248070475,0.0,,False,False,0.0004258835242374725,20.767833324730468,0.2662918836797139,,7048,0.66,2.39174761401572,4.2114259664384175,walk cmd 0.4 until <0.6 m/s,0
run,stand,0.36,1.770097768729273,0.0,,False,False,0.0004368932025305892,8.699113731873279,0.11832656484109735,,7049,0.6,1.7359249813965492,3.5318241810270017,walk cmd 0.4 until <0.6 m/s,0
run,stand,0.3,2.327496197951321,0.0,,False,False,0.00012101721988748808,31.271129568319022,0.6417475011226116,,7000,1.72,2.367320945673032,4.609610513001543,walk cmd 0.0 until <0.6 m/s,10
run,stand,,2.2388400134258255,0.0,25,True,False,0.8148967261602438,62.162609846841235,0.8071105991414456,tilt,7001,,2.2608798432888166,1.6594295322660855,walk cmd 0.0 until <0.6 m/s,10
run,stand,-5.92,2.2205483091887386,0.0,,False,False,0.00023096083613632603,7.621990842938174,0.593455894859327,,7002,0.4,1.1636264250819211e-05,7.80354589983179,walk cmd 0.0 until <0.6 m/s,10
run,stand,0.26,1.6563509199193982,0.0,34,True,False,0.4175443430991623,50.26457307414179,0.41295010256380293,trunk_contact,7003,,1.618869414874386,3.94885157810317,walk cmd 0.0 until <0.6 m/s,10
run,stand,0.22,1.8382239844582013,0.0,,False,False,0.0003577532583243568,20.922639678194432,0.7027972130767935,,7004,0.78,1.9665393400896636,1.124196572028944,walk cmd 0.0 until <0.6 m/s,10
run,stand,0.3,2.389233001164239,0.0,50,True,False,0.3505820525526025,57.179956582643165,0.20687638531928698,tilt,7005,,2.3548327614560427,3.36697434110982,walk cmd 0.0 until <0.6 m/s,10
run,stand,0.28,2.2056621080322216,0.0,22,True,False,0.9504946556964932,60.43923001825694,0.3122425558404124,tilt,7006,,2.1361383975256363,3.4525048844452506,walk cmd 0.0 until <0.6 m/s,10
run,stand,,2.317598525871633,0.0,25,True,False,1.0329418072406784,63.281554879650045,0.024016398048589904,tilt,7007,,2.3311623435113513,2.389837730923276,walk cmd 0.0 until <0.6 m/s,10
run,stand,-6.0200000000000005,2.4541501285798035,0.0,,False,False,0.00026545430728350006,7.618985803950458,0.7938155811230094,,7008,0.34,0.0002989047397031147,7.7851274250349185,walk cmd 0.0 until <0.6 m/s,10
run,stand,0.28,1.9233801405575517,0.0,,False,False,7.443242252755253e-05,39.90889896108461,0.8805211983470747,,7009,1.42,1.8239267024096406,0.8626779736026841,walk cmd 0.0 until <0.6 m/s,10
run,stand,0.28,1.8023393360816853,0.0,28,True,False,0.5153124175662339,60.696987122269284,0.4109993145610889,tilt,7010,,1.7310495510754966,5.998577880289723,walk cmd 0.0 until <0.6 m/s,10
run,stand,0.24,2.0134249468049834,0.0,36,True,False,0.443218672073099,67.06179678717183,0.786932584522861,tilt,7011,,2.0194117399197156,2.283430212917522,walk cmd 0.0 until <0.6 m/s,10
run,stand,0.26,2.248234122533968,0.0,,False,False,0.0004003972329380309,17.346428253437956,0.18243656469710384,,7012,0.86,2.1552043204878606,3.527441296775147,walk cmd 0.0 until <0.6 m/s,10
run,stand,0.28,2.2375093013831977,0.0,,False,False,0.0004773290041679123,29.05305590695198,0.701373297121294,,7013,1.16,2.229550126351562,5.63598319774259,walk cmd 0.0 until <0.6 m/s,10
run,stand,,2.221200427929742,0.0,20,True,False,1.2783791350033684,62.332545198329875,0.45284228293716716,tilt,7014,,2.2681352147369216,4.337852412412881,walk cmd 0.0 until <0.6 m/s,10
run,stand,-6.0,2.2817323883530483,0.0,,False,False,0.00022659569033681742,7.592373826554695,0.3092188041893762,,7015,0.4,7.943931213111941e-06,7.789674657469626,walk cmd 0.0 until <0.6 m/s,10
run,stand,0.24,1.8340080987255063,0.0,46,True,False,0.3958248074980601,60.85731512350067,0.8268723915112429,tilt,7016,,1.7494063345332544,0.3686547373767805,walk cmd 0.0 until <0.6 m/s,10
run,stand,0.22,1.781396306887105,0.0,,False,False,0.000752878593326206,32.830464232018514,0.7958965558290403,,7017,1.26,1.744754010811438,0.922346300846177,walk cmd 0.0 until <0.6 m/s,10
run,stand,0.26,2.1027593618292335,0.0,,False,False,0.00018686397510889546,16.835161510608728,0.23799790483021238,,7018,0.86,2.0793557775539475,4.761809116790745,walk cmd 0.0 until <0.6 m/s,10
run,stand,0.26,2.0818674131412687,0.0,,False,False,0.0006642454016085586,28.140017449073746,0.265435164002351,,7019,1.22,2.070185525118924,3.0421161220237884,walk cmd 0.0 until <0.6 m/s,10
run,stand,0.26,1.7634479538053645,0.0,,False,False,0.00018344043436773267,12.244399278300042,0.04305912717347837,,7020,0.74,1.7527603760186903,2.651776468715212,walk cmd 0.0 until <0.6 m/s,10
run,stand,0.24,1.5469994317967317,0.0,,False,False,3.7140374815409816e-05,26.163938299955934,0.38147036923228117,,7021,1.08,1.4372603288773083,3.680548754552715,walk cmd 0.0 until <0.6 m/s,10
run,stand,0.2,1.5220710023969228,0.0,,False,False,6.802061186618898e-05,16.738918355989814,0.25901071336278525,,7022,0.7000000000000001,1.4997646750596005,2.3376993905581416,walk cmd 0.0 until <0.6 m/s,10
run,stand,,2.4017653315523586,0.0,23,True,False,1.0130719339645384,61.95510318281185,0.8322049600633667,tilt,7023,,2.360031226092723,4.401188228517898,walk cmd 0.0 until <0.6 m/s,10
run,stand,-6.0200000000000005,1.6586273118846102,0.0,,False,False,0.00022965264721318686,7.903853183364458,0.0496133196399593,,7024,0.34,9.853078890351937e-05,7.73796888836094,walk cmd 0.0 until <0.6 m/s,10
run,stand,0.3,2.4232146033475224,0.0,,False,False,-3.40054453063595e-05,36.07140722817032,0.6704246127182647,,7025,1.48,2.4092691164200595,5.555762202960587,walk cmd 0.0 until <0.6 m/s,10
run,stand,0.28,2.316948325453831,0.0,,False,False,0.0002550919071502946,18.460569200177886,0.12799742999342928,,7026,0.88,2.2817304994812697,3.0405731253289288,walk cmd 0.0 until <0.6 m/s,10
run,stand,0.24,1.8482433114124928,0.0,,False,False,0.0002750347284689296,11.460792041689903,0.1510096619865596,,7027,0.64,1.7778309496019937,3.9682587477271642,walk cmd 0.0 until <0.6 m/s,10
run,stand,0.26,1.6772669390657413,0.0,,False,False,-6.0210548565760025e-05,10.114538511044145,0.02455321375160824,,7028,0.74,1.6387276806123623,2.796062495080555,walk cmd 0.0 until <0.6 m/s,10
run,stand,0.26,2.0524619431312843,0.0,,False,False,0.0003800955037420971,23.643726497462115,0.6434658626263356,,7029,1.16,2.1105761821374007,2.1122560838502102,walk cmd 0.0 until <0.6 m/s,10
run,stand,0.24,1.6102271698001673,0.0,,False,False,0.00020979317512448772,27.827955750908185,0.37775350528104923,,7030,1.0,1.4533212151486865,5.142886292282053,walk cmd 0.0 until <0.6 m/s,10
run,stand,0.22,1.835803477525246,0.0,,False,False,-1.8942169099672168e-05,16.821104274973646,0.22846433414259987,,7031,0.84,1.8281005273631707,3.000190756394938,walk cmd 0.0 until <0.6 m/s,10
run,stand,0.52,2.300665806804429,0.0,30,True,False,0.6303596666374147,61.89461342823308,0.5315592524042193,tilt,7032,,2.3454058602359353,4.353634650648793,walk cmd 0.0 until <0.6 m/s,10
run,stand,0.2,1.548112428049047,0.0,,False,False,0.00010972221245354383,12.246545350430475,0.6291200406663683,,7033,0.46,1.6491675946115008,1.538232944414632,walk cmd 0.0 until <0.6 m/s,10
run,stand,0.24,1.8232275638518258,0.0,,False,False,0.0004927861726500435,16.038976110638462,0.5269208601713692,,7034,0.8,1.857351819598601,3.814070521663896,walk cmd 0.0 until <0.6 m/s,10
run,stand,,2.125850949965842,0.0,26,True,False,0.7217600820864347,62.864923174556736,0.8056342701006493,tilt,7035,,2.1329126672825,1.5337251897529354,walk cmd 0.0 until <0.6 m/s,10
run,stand,-6.12,1.9479230838330552,0.0,,False,False,0.00021939236180824325,7.782487032757551,0.8977099982350323,,7036,0.4,2.032958894317018e-05,7.77027513885476,walk cmd 0.0 until <0.6 m/s,10
run,stand,0.32,1.832354581890627,0.0,35,True,False,0.32451362057350847,62.585392280041944,0.9782512649045739,tilt,7037,,1.7577958155563127,1.7688463210315923,walk cmd 0.0 until <0.6 m/s,10
run,stand,0.24,1.5675272297635057,0.0,,False,False,0.00011959525990669051,13.652338094340855,0.09620049828712396,,7038,0.72,1.5313013244322726,3.7731409296710297,walk cmd 0.0 until <0.6 m/s,10
run,stand,0.2,1.64218301992537,0.0,,False,False,0.0005278306813939122,21.565916987725682,0.7477578723036463,,7039,0.8,1.6528543237616429,2.0254762759394542,walk cmd 0.0 until <0.6 m/s,10
run,stand,0.3,2.4004262983673126,0.0,,False,False,0.00019968663351453141,33.96255593210366,0.15444466256959372,,7040,1.2,2.41672966757994,2.83608457994265,walk cmd 0.0 until <0.6 m/s,10
run,stand,0.3,2.4047027312032503,0.0,,False,False,0.00017556257404254086,20.972793242417033,0.059142240590567274,,7041,1.12,2.334271077558454,2.9088383532793896,walk cmd 0.0 until <0.6 m/s,10
run,stand,0.34,2.458685846843325,0.0,54,True,False,0.24412484492895192,37.79757714201617,0.5633791367935276,tilt,7042,,2.462378463992644,4.613849804462602,walk cmd 0.0 until <0.6 m/s,10
run,stand,,2.1673332147220723,0.0,24,True,False,0.8973515379741508,62.43788798082622,0.8315117472750986,tilt,7043,,2.145565738339023,2.86372124760958,walk cmd 0.0 until <0.6 m/s,10
run,stand,-6.16,1.7311451088601606,0.0,,False,False,0.00022198772422184717,7.6305873017586086,0.9450201868214018,,7044,0.4,0.0006463237361449055,7.731926506063195,walk cmd 0.0 until <0.6 m/s,10
run,stand,0.3,2.229941890220316,0.0,24,True,False,0.9278397301157756,62.26131633046362,0.2960130978056492,tilt,7045,,2.2733980513152834,4.403323000846653,walk cmd 0.0 until <0.6 m/s,10
run,stand,0.24,2.0296536257692375,0.0,,False,False,8.060024028693212e-05,16.912412829409902,0.21849293162821726,,7046,1.0,2.023796566534828,4.019332325293379,walk cmd 0.0 until <0.6 m/s,10
run,stand,0.28,1.7104637337087967,0.0,39,True,False,0.457462908002981,48.61070769449725,0.4518152608784968,trunk_contact,7047,,1.6682370086082108,4.7627308697362665,walk cmd 0.0 until <0.6 m/s,10
run,stand,0.3,2.3897762248070475,0.0,27,True,False,0.6956395239920661,62.17249566868191,0.2662918836797139,tilt,7048,,2.39174761401572,4.2114259664384175,walk cmd 0.0 until <0.6 m/s,10
run,stand,0.24,1.770097768729273,0.0,,False,False,0.0001907877613171051,9.888494968261297,0.11832656484109735,,7049,0.48,1.7359249813965492,3.5318241810270017,walk cmd 0.0 until <0.6 m/s,10
run,stand,0.48,2.327496197951321,0.0,,False,False,6.763308551974685e-05,20.885344764498026,0.6417475011226116,,7000,1.04,2.367320945673032,4.609610513001543,walk cmd 0.4 until <0.6 m/s,10
run,stand,0.36,2.2388400134258255,0.0,,False,False,1.624284596546735e-05,15.008058544705174,0.8071105991414456,,7001,0.9,2.2608798432888166,1.6594295322660855,walk cmd 0.4 until <0.6 m/s,10
run,stand,0.44,2.2205483091887386,0.0,,False,False,-6.696061542102592e-05,13.736421333595429,0.6191018852566538,,7002,0.9400000000000001,2.2212247206197575,5.289099964093627,walk cmd 0.4 until <0.6 m/s,10
run,stand,0.3,1.6563509199193982,0.0,,False,False,0.00022084203466222368,12.789381160814647,0.41295010256380293,,7003,0.66,1.618869414874386,3.94885157810317,walk cmd 0.4 until <0.6 m/s,10
run,stand,0.36,1.8382239844582013,0.0,,False,False,0.0004632693664102893,8.757557815646576,0.7027972130767935,,7004,0.78,1.9665393400896636,1.124196572028944,walk cmd 0.4 until <0.6 m/s,10
run,stand,0.38,2.389233001164239,0.0,,False,False,-8.993006592746439e-05,18.77695855941352,0.20687638531928698,,7005,0.76,2.3548327614560427,3.36697434110982,walk cmd 0.4 until <0.6 m/s,10
run,stand,0.32,2.2056621080322216,0.0,,False,False,0.000427386118275321,19.86260063186179,0.3122425558404124,,7006,0.78,2.1361383975256363,3.4525048844452506,walk cmd 0.4 until <0.6 m/s,10
run,stand,0.46,2.317598525871633,0.0,,False,False,0.000296265837675548,15.64531577806439,0.024016398048589904,,7007,0.96,2.3311623435113513,2.389837730923276,walk cmd 0.4 until <0.6 m/s,10
run,stand,0.56,2.4541501285798035,0.0,,False,False,-3.2815170811425415e-06,28.893102707666486,0.5977993551734272,,7008,0.78,2.399680529590807,5.728842863679598,walk cmd 0.4 until <0.6 m/s,10
run,stand,0.32,1.9233801405575517,0.0,,False,False,2.660995296811226e-05,11.156700321601212,0.8805211983470747,,7009,0.78,1.8239267024096406,0.8626779736026841,walk cmd 0.4 until <0.6 m/s,10
run,stand,0.3,1.8023393360816853,0.0,,False,False,0.0004219976459794951,13.630885811757906,0.4109993145610889,,7010,0.78,1.7310495510754966,5.998577880289723,walk cmd 0.4 until <0.6 m/s,10
run,stand,0.36,2.0134249468049834,0.0,,False,False,2.359640737068893e-05,11.998496852509843,0.786932584522861,,7011,0.84,2.0194117399197156,2.283430212917522,walk cmd 0.4 until <0.6 m/s,10
run,stand,0.38,2.248234122533968,0.0,,False,False,0.00044222338348245114,16.08564908535601,0.18243656469710384,,7012,0.8200000000000001,2.1552043204878606,3.527441296775147,walk cmd 0.4 until <0.6 m/s,10
run,stand,0.4,2.2375093013831977,0.0,,False,False,0.00021458039609695184,14.404765281859179,0.701373297121294,,7013,0.9,2.229550126351562,5.63598319774259,walk cmd 0.4 until <0.6 m/s,10
run,stand,0.5,2.221200427929742,0.0,,False,False,0.00028884910079351073,17.383532650616537,0.45284228293716716,,7014,0.78,2.2681352147369216,4.337852412412881,walk cmd 0.4 until <0.6 m/s,10
run,stand,0.46,2.2817323883530483,0.0,,False,False,0.0001380544197996841,13.877656820088639,0.9996131343076661,,7015,0.96,2.3222823572533704,2.4752502572067847,walk cmd 0.4 until <0.6 m/s,10
run,stand,0.34,1.8340080987255063,0.0,,False,False,-9.593888116285876e-06,9.95101477070918,0.8268723915112429,,7016,0.86,1.7494063345332544,0.3686547373767805,walk cmd 0.4 until <0.6 m/s,10
run,stand,0.34,1.781396306887105,0.0,,False,False,4.6262166767120884e-05,9.000102206910519,0.7958965558290403,,7017,0.88,1.744754010811438,0.922346300846177,walk cmd 0.4 until <0.6 m/s,10
run,stand,0.36,2.1027593618292335,0.0,,False,False,0.00038296535601950183,14.675217424167114,0.23799790483021238,,7018,0.8,2.0793557775539475,4.761809116790745,walk cmd 0.4 until <0.6 m/s,10
run,stand,0.34,2.0818674131412687,0.0,,False,False,-4.292957681749519e-05,15.019684760104516,0.265435164002351,,7019,0.88,2.070185525118924,3.0421161220237884,walk cmd 0.4 until <0.6 m/s,10
run,stand,0.4,1.7634479538053645,0.0,,False,False,7.994576639804539e-05,9.222810295448129,0.04305912717347837,,7020,0.92,1.7527603760186903,2.651776468715212,walk cmd 0.4 until <0.6 m/s,10
run,stand,0.32,1.5469994317967317,0.0,,False,False,-4.858335097646161e-05,10.195811375070525,0.38147036923228117,,7021,0.8200000000000001,1.4372603288773083,3.680548754552715,walk cmd 0.4 until <0.6 m/s,10
run,stand,0.34,1.5220710023969228,0.0,,False,False,0.0005178495080060334,10.788378498275106,0.25901071336278525,,7022,0.76,1.4997646750596005,2.3376993905581416,walk cmd 0.4 until <0.6 m/s,10
run,stand,0.36,2.4017653315523586,0.0,,False,False,0.0005726426617247358,12.732340263664417,0.8322049600633667,,7023,0.84,2.360031226092723,4.401188228517898,walk cmd 0.4 until <0.6 m/s,10
run,stand,0.3,1.6586273118846102,0.0,,False,False,8.576761877649554e-05,9.439344052803083,0.06454973718531411,,7024,0.74,1.6093115017261637,4.032149140384395,walk cmd 0.4 until <0.6 m/s,10
run,stand,0.44,2.4232146033475224,0.0,,False,False,-5.843172158580679e-05,18.67836101234233,0.6704246127182647,,7025,0.96,2.4092691164200595,5.555762202960587,walk cmd 0.4 until <0.6 m/s,10
run,stand,0.42,2.316948325453831,0.0,,False,False,0.0005802675767268077,15.960386253790096,0.12799742999342928,,7026,0.88,2.2817304994812697,3.0405731253289288,walk cmd 0.4 until <0.6 m/s,10
run,stand,0.36,1.8482433114124928,0.0,,False,False,-2.2858871936080024e-06,9.407777362274304,0.1510096619865596,,7027,0.86,1.7778309496019937,3.9682587477271642,walk cmd 0.4 until <0.6 m/s,10
run,stand,0.34,1.6772669390657413,0.0,,False,False,0.00014499423265587852,9.261989023586382,0.02455321375160824,,7028,0.8,1.6387276806123623,2.796062495080555,walk cmd 0.4 until <0.6 m/s,10
run,stand,0.4,2.0524619431312843,0.0,,False,False,-1.757243066422263e-05,9.445572373098932,0.6434658626263356,,7029,0.92,2.1105761821374007,2.1122560838502102,walk cmd 0.4 until <0.6 m/s,10
run,stand,0.32,1.6102271698001673,0.0,,False,False,-3.685677723624244e-05,11.798417820208313,0.37775350528104923,,7030,0.8200000000000001,1.4533212151486865,5.142886292282053,walk cmd 0.4 until <0.6 m/s,10
run,stand,0.36,1.835803477525246,0.0,,False,False,0.0004900241488551912,11.705410390192748,0.22846433414259987,,7031,0.78,1.8281005273631707,3.000190756394938,walk cmd 0.4 until <0.6 m/s,10
run,stand,0.58,2.300665806804429,0.0,,False,False,2.2654528733462148e-05,25.777370118643425,0.5315592524042193,,7032,1.0,2.3454058602359353,4.353634650648793,walk cmd 0.4 until <0.6 m/s,10
run,stand,0.34,1.548112428049047,0.0,,False,False,0.00022736010849732394,8.319391979661862,0.6291200406663683,,7033,0.56,1.6491675946115008,1.538232944414632,walk cmd 0.4 until <0.6 m/s,10
run,stand,0.4,1.8232275638518258,0.0,,False,False,0.00030842678353698913,10.864504785279612,0.5269208601713692,,7034,0.84,1.857351819598601,3.814070521663896,walk cmd 0.4 until <0.6 m/s,10
run,stand,0.34,2.125850949965842,0.0,,False,False,0.00010656282243821905,13.76474087169575,0.8056342701006493,,7035,0.66,2.1329126672825,1.5337251897529354,walk cmd 0.4 until <0.6 m/s,10
run,stand,0.4,1.9479230838330552,0.0,,False,False,-1.339415240275129e-05,9.628175701018804,0.9989992712933283,,7036,0.86,1.8822122232859657,2.3251414306489617,walk cmd 0.4 until <0.6 m/s,10
run,stand,0.36,1.832354581890627,0.0,,False,False,6.062950573281609e-05,9.411001210595563,0.9782512649045739,,7037,0.8200000000000001,1.7577958155563127,1.7688463210315923,walk cmd 0.4 until <0.6 m/s,10
run,stand,0.32,1.5675272297635057,0.0,,False,False,-3.180721550114331e-05,10.777906321573298,0.09620049828712396,,7038,0.78,1.5313013244322726,3.7731409296710297,walk cmd 0.4 until <0.6 m/s,10
run,stand,0.32,1.64218301992537,0.0,,False,False,0.0003668274322503303,8.706630435540616,0.7477578723036463,,7039,0.76,1.6528543237616429,2.0254762759394542,walk cmd 0.4 until <0.6 m/s,10
run,stand,0.4,2.4004262983673126,0.0,,False,False,0.00039311253724210815,18.94040760834185,0.15444466256959372,,7040,0.8200000000000001,2.41672966757994,2.83608457994265,walk cmd 0.4 until <0.6 m/s,10
run,stand,0.44,2.4047027312032503,0.0,,False,False,9.723790102642891e-05,17.61796913029088,0.059142240590567274,,7041,0.66,2.334271077558454,2.9088383532793896,walk cmd 0.4 until <0.6 m/s,10
run,stand,0.58,2.458685846843325,0.0,,False,False,0.0004183905321772469,33.42491575397705,0.5633791367935276,,7042,1.3,2.462378463992644,4.613849804462602,walk cmd 0.4 until <0.6 m/s,10
run,stand,0.34,2.1673332147220723,0.0,,False,False,-5.707718014125438e-05,12.613204738879821,0.8315117472750986,,7043,0.88,2.145565738339023,2.86372124760958,walk cmd 0.4 until <0.6 m/s,10
run,stand,0.32,1.7311451088601606,0.0,,False,False,3.259523455549533e-05,10.665336595096608,0.8488740573999947,,7044,0.78,1.6118802019806513,0.9047628627333751,walk cmd 0.4 until <0.6 m/s,10
run,stand,0.32,2.229941890220316,0.0,,False,False,0.0005927824616157522,18.39600059809571,0.2960130978056492,,7045,0.76,2.2733980513152834,4.403323000846653,walk cmd 0.4 until <0.6 m/s,10
run,stand,0.36,2.0296536257692375,0.0,,False,False,0.0004244856942976768,13.767649156729004,0.21849293162821726,,7046,0.8,2.023796566534828,4.019332325293379,walk cmd 0.4 until <0.6 m/s,10
run,stand,0.3,1.7104637337087967,0.0,,False,False,0.0005732222956557577,12.42064756585414,0.4518152608784968,,7047,0.76,1.6682370086082108,4.7627308697362665,walk cmd 0.4 until <0.6 m/s,10
run,stand,0.34,2.3897762248070475,0.0,,False,False,-3.301800246073145e-05,20.767833324730468,0.2662918836797139,,7048,0.86,2.39174761401572,4.2114259664384175,walk cmd 0.4 until <0.6 m/s,10
run,stand,0.36,1.770097768729273,0.0,,False,False,6.518435029747009e-05,9.98410619524376,0.11832656484109735,,7049,0.8200000000000001,1.7359249813965492,3.5318241810270017,walk cmd 0.4 until <0.6 m/s,10
run,stand,0.58,2.327496197951321,0.0,40,True,False,0.25748730744995574,64.40826183773822,0.6417475011226116,tilt,7000,,2.367320945673032,4.609610513001543,walk cmd 0.0 until <0.3 m/s,0
run,stand,,2.2388400134258255,0.0,25,True,False,0.8148967261602438,62.162609846841235,0.8071105991414456,tilt,7001,,2.2608798432888166,1.6594295322660855,walk cmd 0.0 until <0.3 m/s,0
run,stand,-5.92,2.2205483091887386,0.0,,False,False,0.00018654941187371246,7.670270107741069,0.593455894859327,,7002,0.0,0.00036219321072261635,7.657878410788343,walk cmd 0.0 until <0.3 m/s,0
run,stand,,1.6563509199193982,0.0,35,True,False,0.4295711378254854,61.59458640839547,0.41295010256380293,tilt,7003,,1.618869414874386,3.94885157810317,walk cmd 0.0 until <0.3 m/s,0
run,stand,-5.94,1.8382239844582013,0.0,,False,False,7.897207009715542e-05,7.7452979491018175,0.8737467453950792,,7004,0.0,0.00014151586033707295,7.7419084396059965,walk cmd 0.0 until <0.3 m/s,0
run,stand,0.62,2.389233001164239,0.0,,False,False,4.924431474417901e-05,38.104460742675066,0.20687638531928698,,7005,1.54,2.3548327614560427,3.36697434110982,walk cmd 0.0 until <0.3 m/s,0
run,stand,,2.2056621080322216,0.0,23,True,False,0.983160965649705,62.091297471931284,0.3122425558404124,tilt,7006,,2.1361383975256363,3.4525048844452506,walk cmd 0.0 until <0.3 m/s,0
run,stand,-5.9,2.317598525871633,0.0,,False,False,0.00017527274217749505,7.7835532883521035,0.5001850954059486,,7007,0.0,0.00033090338367949607,7.7799001901834695,walk cmd 0.0 until <0.3 m/s,0
run,stand,0.62,2.4541501285798035,0.0,38,True,False,0.39529331294758074,60.23012805063773,0.5977993551734272,tilt,7008,,2.399680529590807,5.728842863679598,walk cmd 0.0 until <0.3 m/s,0
run,stand,0.54,1.9233801405575517,0.0,35,True,False,0.33980739215291983,63.66974319363446,0.8805211983470747,tilt,7009,,1.8239267024096406,0.8626779736026841,walk cmd 0.0 until <0.3 m/s,0
run,stand,,1.8023393360816853,0.0,30,True,False,0.5568884922436595,60.83781183218463,0.4109993145610889,tilt,7010,,1.7310495510754966,5.998577880289723,walk cmd 0.0 until <0.3 m/s,0
run,stand,,2.0134249468049834,0.0,32,True,False,0.4995144585825026,62.05713333196072,0.786932584522861,tilt,7011,,2.0194117399197156,2.283430212917522,walk cmd 0.0 until <0.3 m/s,0
run,stand,-6.0600000000000005,2.248234122533968,0.0,,False,False,8.234383414430916e-05,7.662556989910399,0.4681377821412612,,7012,0.0,0.00017973666372097328,7.647781524569222,walk cmd 0.0 until <0.3 m/s,0
run,stand,0.56,2.2375093013831977,0.0,,False,False,0.00023289014906062192,32.29438614337269,0.701373297121294,,7013,1.3,2.229550126351562,5.63598319774259,walk cmd 0.0 until <0.3 m/s,0
run,stand,,2.221200427929742,0.0,20,True,False,1.2783791350033684,62.332545198329875,0.45284228293716716,tilt,7014,,2.2681352147369216,4.337852412412881,walk cmd 0.0 until <0.3 m/s,0
run,stand,-6.0,2.2817323883530483,0.0,,False,False,0.00017418488693822818,7.834494606925387,0.3092188041893762,,7015,0.0,0.0002799279819090866,7.834653996500525,walk cmd 0.0 until <0.3 m/s,0
run,stand,,1.8340080987255063,0.0,34,True,False,0.4441359168468921,61.386095786422224,0.8268723915112429,tilt,7016,,1.7494063345332544,0.3686547373767805,walk cmd 0.0 until <0.3 m/s,0
run,stand,-6.0200000000000005,1.781396306887105,0.0,,False,False,0.0001468510399324573,7.706260805435119,0.04189078836866078,,7017,0.0,0.000265142673400846,7.706383254487233,walk cmd 0.0 until <0.3 m/s,0
run,stand,0.36,2.1027593618292335,0.0,,False,False,0.0005945601010059623,17.285834940210837,0.23799790483021238,,7018,0.64,2.0793557775539475,4.761809116790745,walk cmd 0.0 until <0.3 m/s,0
run,stand,0.34,2.0818674131412687,0.0,,False,False,0.00045691317054913924,29.01043913305801,0.265435164002351,,7019,1.0,2.070185525118924,3.0421161220237884,walk cmd 0.0 until <0.3 m/s,0
run,stand,0.3,1.7634479538053645,0.0,,False,False,0.00044712353680618317,10.863167496878189,0.04305912717347837,,7020,0.6,1.7527603760186903,2.651776468715212,walk cmd 0.0 until <0.3 m/s,0
run,stand,0.32,1.5469994317967317,0.0,,False,False,0.00011803141690871691,24.468537744585156,0.38147036923228117,,7021,0.92,1.4372603288773083,3.680548754552715,walk cmd 0.0 until <0.3 m/s,0
run,stand,0.26,1.5220710023969228,0.0,,False,False,4.821590662687131e-05,17.447775975054288,0.25901071336278525,,7022,0.88,1.4997646750596005,2.3376993905581416,walk cmd 0.0 until <0.3 m/s,0
run,stand,,2.4017653315523586,0.0,23,True,False,1.0130719339645384,61.95510318281185,0.8322049600633667,tilt,7023,,2.360031226092723,4.401188228517898,walk cmd 0.0 until <0.3 m/s,0
run,stand,-6.0200000000000005,1.6586273118846102,0.0,,False,False,-4.491762082529538e-05,7.655205474821599,0.0496133196399593,,7024,0.0,-7.954070955686052e-05,7.6552492810758075,walk cmd 0.0 until <0.3 m/s,0
run,stand,,2.4232146033475224,0.0,37,True,False,0.4909258453798242,60.065326877263345,0.6704246127182647,tilt,7025,,2.4092691164200595,5.555762202960587,walk cmd 0.0 until <0.3 m/s,0
run,stand,-5.98,2.316948325453831,0.0,,False,False,0.00011334934097872562,7.74480707540543,0.3026464437795257,,7026,0.0,0.00021704276805565898,7.742113303424939,walk cmd 0.0 until <0.3 m/s,0
run,stand,0.32,1.8482433114124928,0.0,,False,False,0.0005207197967091992,11.28225039362873,0.1510096619865596,,7027,0.8,1.7778309496019937,3.9682587477271642,walk cmd 0.0 until <0.3 m/s,0
run,stand,0.3,1.6772669390657413,0.0,,False,False,0.00041896807771065137,9.556261225203965,0.02455321375160824,,7028,0.56,1.6387276806123623,2.796062495080555,walk cmd 0.0 until <0.3 m/s,0
run,stand,0.48,2.0524619431312843,0.0,,False,False,0.00039115733573404565,25.782557713481264,0.6434658626263356,,7029,1.04,2.1105761821374007,2.1122560838502102,walk cmd 0.0 until <0.3 m/s,0
run,stand,0.32,1.6102271698001673,0.0,,False,False,1.7460363670001003e-05,27.283303415537162,0.37775350528104923,,7030,1.32,1.4533212151486865,5.142886292282053,walk cmd 0.0 until <0.3 m/s,0
run,stand,0.3,1.835803477525246,0.0,,False,False,0.0001850005397237691,17.59340982368433,0.22846433414259987,,7031,0.76,1.8281005273631707,3.000190756394938,walk cmd 0.0 until <0.3 m/s,0
run,stand,,2.300665806804429,0.0,31,True,False,0.6318137149294336,63.295194690977446,0.5315592524042193,tilt,7032,,2.3454058602359353,4.353634650648793,walk cmd 0.0 until <0.3 m/s,0
run,stand,0.28,1.548112428049047,0.0,,False,False,0.00018016680076780783,13.318659343382205,0.6291200406663683,,7033,0.52,1.6491675946115008,1.538232944414632,walk cmd 0.0 until <0.3 m/s,0
run,stand,0.42,1.8232275638518258,0.0,,False,False,0.0002081219572634188,15.739496787784091,0.5269208601713692,,7034,0.92,1.857351819598601,3.814070521663896,walk cmd 0.0 until <0.3 m/s,0
run,stand,,2.125850949965842,0.0,26,True,False,0.7217600820864347,62.864923174556736,0.8056342701006493,tilt,7035,,2.1329126672825,1.5337251897529354,walk cmd 0.0 until <0.3 m/s,0
run,stand,-6.12,1.9479230838330552,0.0,,False,False,0.00020004691351829077,7.619543074753406,0.8977099982350323,,7036,0.0,0.00043787166715478465,7.580706168741805,walk cmd 0.0 until <0.3 m/s,0
run,stand,,1.832354581890627,0.0,38,True,False,0.42976249524612997,60.434146488453905,0.9782512649045739,tilt,7037,,1.7577958155563127,1.7688463210315923,walk cmd 0.0 until <0.3 m/s,0
run,stand,-6.08,1.5675272297635057,0.0,,False,False,0.00025518599473081503,7.745259925455916,0.4456349413250076,,7038,0.0,0.0004944668355462738,7.7288544841422055,walk cmd 0.0 until <0.3 m/s,0
run,stand,0.32,1.64218301992537,0.0,,False,False,0.00016345010572990274,23.98546827800264,0.7477578723036463,,7039,0.62,1.6528543237616429,2.0254762759394542,walk cmd 0.0 until <0.3 m/s,0
run,stand,0.6,2.4004262983673126,0.0,42,True,False,0.24846359098537893,61.814450275144885,0.15444466256959372,tilt,7040,,2.41672966757994,2.83608457994265,walk cmd 0.0 until <0.3 m/s,0
run,stand,0.48,2.4047027312032503,0.0,,False,False,0.0003752040546384729,17.9573622001119,0.059142240590567274,,7041,0.96,2.334271077558454,2.9088383532793896,walk cmd 0.0 until <0.3 m/s,0
run,stand,0.6,2.458685846843325,0.0,51,True,False,0.2468786149633133,55.621478488202776,0.5633791367935276,tilt,7042,,2.462378463992644,4.613849804462602,walk cmd 0.0 until <0.3 m/s,0
run,stand,,2.1673332147220723,0.0,24,True,False,0.8973515379741508,62.43788798082622,0.8315117472750986,tilt,7043,,2.145565738339023,2.86372124760958,walk cmd 0.0 until <0.3 m/s,0
run,stand,-6.16,1.7311451088601606,0.0,,False,False,0.00035724566652651384,7.728413454251859,0.9450201868214018,,7044,0.0,0.000706791095013306,7.717654004736805,walk cmd 0.0 until <0.3 m/s,0
run,stand,,2.229941890220316,0.0,24,True,False,0.9728199920416623,60.3273466032538,0.2960130978056492,tilt,7045,,2.2733980513152834,4.403323000846653,walk cmd 0.0 until <0.3 m/s,0
run,stand,-6.04,2.0296536257692375,0.0,,False,False,4.7179679696914356e-05,7.760284845803252,0.8993850319820241,,7046,0.0,7.936579165940227e-05,7.7603108604875475,walk cmd 0.0 until <0.3 m/s,0
run,stand,,1.7104637337087967,0.0,37,True,False,0.40142957336742396,60.60874677321019,0.4518152608784968,tilt,7047,,1.6682370086082108,4.7627308697362665,walk cmd 0.0 until <0.3 m/s,0
run,stand,-6.12,2.3897762248070475,0.0,,False,False,0.00017497640543224287,7.703193617792429,0.460861387860587,,7048,0.0,0.00032380406259318006,7.70246001799441,walk cmd 0.0 until <0.3 m/s,0
run,stand,0.3,1.770097768729273,0.0,,False,False,0.00029253426857034804,9.866830623562706,0.11832656484109735,,7049,0.68,1.7359249813965492,3.5318241810270017,walk cmd 0.0 until <0.3 m/s,0
