policy,kind,level,episodes,success,fell,left_course,stuck,mean_x,mean_time_to_goal
walking 0.4,rough,0.0,20,20,0,0,0,6.004556252013755,15.756
walking 0.4,rough,0.01,20,20,0,0,0,6.004301392412373,15.820000000000002
walking 0.4,rough,0.02,20,20,0,0,0,6.00344832553006,15.965
walking 0.4,rough,0.03,20,20,0,0,0,6.004496574066922,16.179
walking 0.4,rough,0.04,20,20,0,0,0,6.004298678376097,16.439
walking 0.4,rough,0.05,20,20,0,0,0,6.004647092616414,16.793
walking 0.4,rough,0.06,20,20,0,0,0,6.0035484775236405,17.220000000000002
walking 0.4,rough,0.08,20,17,0,1,2,5.487786177886539,18.40117647058824
walking 0.4,rough,0.1,20,2,5,0,13,4.723134323195227,19.259999999999998
walking 0.4,slope_up,3.0,20,20,0,0,0,6.003358842226609,17.742
walking 0.4,slope_up,6.0,20,4,0,0,16,5.844227565582108,19.975
walking 0.4,slope_up,9.0,20,0,0,0,20,4.625441335120324,nan
walking 0.4,slope_up,12.0,20,0,0,0,20,4.3309663644673195,nan
walking 0.4,slope_up,15.0,20,0,20,0,0,1.9024684131872374,nan
walking 0.4,slope_down,3.0,20,20,0,0,0,6.004003818750265,14.742000000000004
walking 0.4,slope_down,6.0,20,20,0,0,0,6.004693863467891,14.063999999999998
walking 0.4,slope_down,9.0,20,20,0,0,0,6.004605133808985,13.565000000000001
walking 0.4,slope_down,12.0,20,20,0,0,0,6.003916979216344,13.260000000000002
walking 0.4,slope_down,15.0,20,20,0,0,0,6.004703243664084,13.036000000000001
walking 0.4,stairs_up,0.02,20,20,0,0,0,6.004326102695776,16.733
walking 0.4,stairs_up,0.04,20,20,0,0,0,6.0039434268076715,18.945999999999998
walking 0.4,stairs_up,0.06,20,0,0,0,20,1.099185856265994,nan
walking 0.4,stairs_up,0.08,20,0,0,0,20,1.0566822027743437,nan
walking 0.4,stairs_up,0.1,20,0,0,0,20,1.0414582269304686,nan
walking 0.4,stairs_up,0.12,20,0,0,0,20,1.0328069550202064,nan
walking 0.4,stairs_up,0.15,20,0,0,0,20,1.0128545684509689,nan
walking 0.4,stairs_down,0.02,20,20,0,0,0,6.004204792205951,15.323999999999998
walking 0.4,stairs_down,0.04,20,20,0,0,0,6.003338604517322,14.99
walking 0.4,stairs_down,0.06,20,20,0,0,0,6.0042635123727255,14.846
walking 0.4,stairs_down,0.08,20,17,3,0,0,5.412362229439694,14.910588235294119
walking 0.4,stairs_down,0.1,20,6,14,0,0,3.3696375880349323,15.19
walking 0.4,stairs_down,0.12,20,2,18,0,0,2.2691943845113065,15.05
walking 0.4,stairs_down,0.15,20,0,20,0,0,1.401348089743594,nan
walking 0.6,rough,0.0,20,20,0,0,0,6.005661931266746,10.462
walking 0.6,rough,0.01,20,20,0,0,0,6.006389284614023,10.504999999999999
walking 0.6,rough,0.02,20,20,0,0,0,6.0064861745387885,10.576
walking 0.6,rough,0.03,20,20,0,0,0,6.006126632072112,10.706
walking 0.6,rough,0.04,20,20,0,0,0,6.006117236439746,10.844000000000001
walking 0.6,rough,0.05,20,20,0,0,0,6.005950442692152,11.028999999999998
walking 0.6,rough,0.06,20,20,0,0,0,6.0069082420837905,11.254000000000001
walking 0.6,rough,0.08,20,20,0,0,0,6.005396617889447,12.385000000000002
walking 0.6,rough,0.1,20,8,9,3,0,3.5763331983226414,13.1075
walking 0.6,slope_up,3.0,20,20,0,0,0,6.006782580939115,11.275
walking 0.6,slope_up,6.0,20,20,0,0,0,6.005897825553118,12.563
walking 0.6,slope_up,9.0,20,20,0,0,0,6.006354463824028,13.881
walking 0.6,slope_up,12.0,20,20,0,0,0,6.005892350165388,15.667000000000002
walking 0.6,slope_up,15.0,20,3,17,0,0,3.2478570987898356,17.08
walking 0.6,slope_down,3.0,20,20,0,0,0,6.004959652653769,9.98
walking 0.6,slope_down,6.0,20,20,0,0,0,6.006891377686257,9.663000000000002
walking 0.6,slope_down,9.0,20,20,0,0,0,6.006013366161834,9.465
walking 0.6,slope_down,12.0,20,20,0,0,0,6.005583623678553,9.329999999999998
walking 0.6,slope_down,15.0,20,20,0,0,0,6.005572862605794,9.278
walking 0.6,stairs_up,0.02,20,20,0,0,0,6.005943315081127,10.95
walking 0.6,stairs_up,0.04,20,20,0,0,0,6.004825865040362,11.819
walking 0.6,stairs_up,0.06,20,0,0,4,16,1.1448274308133395,nan
walking 0.6,stairs_up,0.08,20,0,0,0,20,1.0702421948144711,nan
walking 0.6,stairs_up,0.1,20,0,0,0,20,1.0578294206168708,nan
walking 0.6,stairs_up,0.12,20,0,0,0,20,1.0443680713243315,nan
walking 0.6,stairs_up,0.15,20,0,0,0,20,1.0237191418574876,nan
walking 0.6,stairs_down,0.02,20,20,0,0,0,6.006877191484178,10.291
walking 0.6,stairs_down,0.04,20,20,0,0,0,6.006165980905328,10.250000000000002
walking 0.6,stairs_down,0.06,20,20,0,0,0,6.006007428234068,10.431000000000001
walking 0.6,stairs_down,0.08,20,6,14,0,0,3.411074063266419,10.583333333333334
walking 0.6,stairs_down,0.1,20,11,9,0,0,4.274239948927727,10.932727272727275
walking 0.6,stairs_down,0.12,20,9,11,0,0,3.750650974384522,11.297777777777778
walking 0.6,stairs_down,0.15,20,0,20,0,0,1.4625086447123898,nan
terrain-trained 0.4,rough,0.0,20,20,0,0,0,6.004457166553517,15.326999999999998
terrain-trained 0.4,rough,0.01,20,20,0,0,0,6.003445581467771,15.330999999999998
terrain-trained 0.4,rough,0.02,20,20,0,0,0,6.0042593207079005,15.376999999999999
terrain-trained 0.4,rough,0.03,20,20,0,0,0,6.003819196058685,15.430000000000003
terrain-trained 0.4,rough,0.04,20,20,0,0,0,6.004278557801065,15.496
terrain-trained 0.4,rough,0.05,20,20,0,0,0,6.003855848240184,15.592000000000002
terrain-trained 0.4,rough,0.06,20,20,0,0,0,6.004447279288507,15.696999999999997
terrain-trained 0.4,rough,0.08,20,19,1,0,0,5.89592485001212,16.162105263157898
terrain-trained 0.4,rough,0.1,20,10,6,0,4,4.589157444813386,17.268
terrain-trained 0.4,slope_up,3.0,20,20,0,0,0,6.003206156883395,15.303000000000003
terrain-trained 0.4,slope_up,6.0,20,20,0,0,0,6.003461286615625,15.262
terrain-trained 0.4,slope_up,9.0,20,20,0,0,0,6.003477846082813,15.208000000000004
terrain-trained 0.4,slope_up,12.0,20,20,0,0,0,6.004367382209472,15.267000000000001
terrain-trained 0.4,slope_up,15.0,20,20,0,0,0,6.003981803313566,15.297
terrain-trained 0.4,slope_down,3.0,20,20,0,0,0,6.003702502557019,15.301000000000002
terrain-trained 0.4,slope_down,6.0,20,20,0,0,0,6.004317861909689,15.212
terrain-trained 0.4,slope_down,9.0,20,20,0,0,0,6.004123846170404,15.028
terrain-trained 0.4,slope_down,12.0,20,20,0,0,0,6.002888534009256,14.794999999999998
terrain-trained 0.4,slope_down,15.0,20,20,0,0,0,6.004548156187723,14.509
terrain-trained 0.4,stairs_up,0.02,20,20,0,0,0,6.003571358131109,15.355999999999998
terrain-trained 0.4,stairs_up,0.04,20,20,0,0,0,6.003623360332748,15.516
terrain-trained 0.4,stairs_up,0.06,20,20,0,0,0,6.004600655193504,16.865
terrain-trained 0.4,stairs_up,0.08,20,0,6,9,5,1.7938564289535441,nan
terrain-trained 0.4,stairs_up,0.1,20,0,1,0,19,1.1323547636819749,nan
terrain-trained 0.4,stairs_up,0.12,20,0,0,0,20,1.1138408454533835,nan
terrain-trained 0.4,stairs_up,0.15,20,0,1,0,19,1.095856152311986,nan
terrain-trained 0.4,stairs_down,0.02,20,20,0,0,0,6.003470084996737,15.327000000000002
terrain-trained 0.4,stairs_down,0.04,20,20,0,0,0,6.003484279243708,15.248000000000001
terrain-trained 0.4,stairs_down,0.06,20,20,0,0,0,6.00398612769255,15.104000000000003
terrain-trained 0.4,stairs_down,0.08,20,20,0,0,0,6.003976491789595,14.931000000000001
terrain-trained 0.4,stairs_down,0.1,20,20,0,0,0,6.0028527621727985,14.595999999999998
terrain-trained 0.4,stairs_down,0.12,20,20,0,0,0,6.0040113316381065,14.488
terrain-trained 0.4,stairs_down,0.15,20,18,2,0,0,5.682618682657157,14.43222222222222
terrain-trained 0.6,rough,0.0,20,20,0,0,0,6.005322809172358,10.768000000000002
terrain-trained 0.6,rough,0.01,20,20,0,0,0,6.006512143772496,10.763
terrain-trained 0.6,rough,0.02,20,20,0,0,0,6.005261950106422,10.768999999999998
terrain-trained 0.6,rough,0.03,20,20,0,0,0,6.0059764038711245,10.782
terrain-trained 0.6,rough,0.04,20,20,0,0,0,6.006066972711434,10.8
terrain-trained 0.6,rough,0.05,20,20,0,0,0,6.005305464524052,10.854000000000001
terrain-trained 0.6,rough,0.06,20,20,0,0,0,6.004051151122918,10.895
terrain-trained 0.6,rough,0.08,20,20,0,0,0,6.005351608553761,11.267
terrain-trained 0.6,rough,0.1,20,14,5,1,0,5.637430599108841,12.748571428571426
terrain-trained 0.6,slope_up,3.0,20,20,0,0,0,6.00533765067181,10.737
terrain-trained 0.6,slope_up,6.0,20,20,0,0,0,6.00729344350075,10.719
terrain-trained 0.6,slope_up,9.0,20,20,0,0,0,6.005908370937695,10.700000000000001
terrain-trained 0.6,slope_up,12.0,20,20,0,0,0,6.005892835787399,10.752999999999998
terrain-trained 0.6,slope_up,15.0,20,20,0,0,0,6.006031207061303,10.873999999999999
terrain-trained 0.6,slope_down,3.0,20,20,0,0,0,6.005713836672682,10.755
terrain-trained 0.6,slope_down,6.0,20,20,0,0,0,6.005398742300373,10.706999999999999
terrain-trained 0.6,slope_down,9.0,20,20,0,0,0,6.007724411434831,10.623000000000001
terrain-trained 0.6,slope_down,12.0,20,20,0,0,0,6.005986605464065,10.454
terrain-trained 0.6,slope_down,15.0,20,20,0,0,0,6.004839317572277,10.264999999999997
terrain-trained 0.6,stairs_up,0.02,20,20,0,0,0,6.005429164635545,10.769
terrain-trained 0.6,stairs_up,0.04,20,20,0,0,0,6.006457276641526,10.887
terrain-trained 0.6,stairs_up,0.06,20,18,1,1,0,5.63581155218841,11.784444444444443
terrain-trained 0.6,stairs_up,0.08,20,1,14,5,0,2.0799276190447147,15.34
terrain-trained 0.6,stairs_up,0.1,20,0,20,0,0,1.1571777357517221,nan
terrain-trained 0.6,stairs_up,0.12,20,0,2,0,18,1.1089501919592588,nan
terrain-trained 0.6,stairs_up,0.15,20,0,5,0,15,1.07791422045221,nan
terrain-trained 0.6,stairs_down,0.02,20,20,0,0,0,6.00597734070011,10.756
terrain-trained 0.6,stairs_down,0.04,20,20,0,0,0,6.005666533648427,10.693000000000001
terrain-trained 0.6,stairs_down,0.06,20,20,0,0,0,6.005080562164039,10.627999999999998
terrain-trained 0.6,stairs_down,0.08,20,20,0,0,0,6.0049836234835325,10.545000000000002
terrain-trained 0.6,stairs_down,0.1,20,20,0,0,0,6.0049984149535955,10.523000000000001
terrain-trained 0.6,stairs_down,0.12,20,11,9,0,0,4.320452260065389,10.567272727272728
terrain-trained 0.6,stairs_down,0.15,20,1,19,0,0,2.0575049143645936,10.78
terrain-2M 0.4,rough,0.0,20,20,0,0,0,6.003704208246091,15.324000000000002
terrain-2M 0.4,rough,0.01,20,20,0,0,0,6.003410688077034,15.321000000000002
terrain-2M 0.4,rough,0.02,20,20,0,0,0,6.00402085763834,15.306000000000001
terrain-2M 0.4,rough,0.03,20,20,0,0,0,6.004628064416674,15.311000000000002
terrain-2M 0.4,rough,0.04,20,20,0,0,0,6.005098678193905,15.354999999999999
terrain-2M 0.4,rough,0.05,20,20,0,0,0,6.003489674109188,15.427999999999997
terrain-2M 0.4,rough,0.06,20,20,0,0,0,6.004568330404052,15.530000000000001
terrain-2M 0.4,rough,0.08,20,20,0,0,0,6.003694065356276,15.859000000000004
terrain-2M 0.4,rough,0.1,20,20,0,0,0,6.0041330481119335,16.898000000000003
terrain-2M 0.4,slope_up,3,20,20,0,0,0,6.004114875122752,15.624
terrain-2M 0.4,slope_up,6,20,20,0,0,0,6.003620406605903,15.801999999999998
terrain-2M 0.4,slope_up,9,20,20,0,0,0,6.004147734845257,15.970999999999998
terrain-2M 0.4,slope_up,12,20,20,0,0,0,6.003881402279665,16.284000000000002
terrain-2M 0.4,slope_up,15,20,20,0,0,0,6.003759142824608,16.691
terrain-2M 0.4,slope_down,3,20,20,0,0,0,6.004581128055938,14.995
terrain-2M 0.4,slope_down,6,20,20,0,0,0,6.004432204920075,14.565999999999999
terrain-2M 0.4,slope_down,9,20,20,0,0,0,6.004840322650616,14.033999999999997
terrain-2M 0.4,slope_down,12,20,20,0,0,0,6.00391966012215,13.332999999999998
terrain-2M 0.4,slope_down,15,20,20,0,0,0,6.004172374276298,12.933000000000002
terrain-2M 0.4,stairs_up,0.02,20,20,0,0,0,6.0036283704363615,15.445999999999998
terrain-2M 0.4,stairs_up,0.04,20,20,0,0,0,6.00400396198207,16.133000000000003
terrain-2M 0.4,stairs_up,0.06,20,20,0,0,0,6.003531921180651,17.084
terrain-2M 0.4,stairs_up,0.08,20,1,17,0,2,1.8825756184144304,19.72
terrain-2M 0.4,stairs_up,0.1,20,0,2,0,18,1.1180678489194291,nan
terrain-2M 0.4,stairs_up,0.12,20,0,8,0,12,1.0068248227403136,nan
terrain-2M 0.4,stairs_up,0.15,20,0,18,0,2,0.8448004174082128,nan
terrain-2M 0.4,stairs_down,0.02,20,20,0,0,0,6.003251648282171,15.16
terrain-2M 0.4,stairs_down,0.04,20,20,0,0,0,6.0037649711904555,14.910999999999998
terrain-2M 0.4,stairs_down,0.06,20,20,0,0,0,6.003261869486538,14.401999999999997
terrain-2M 0.4,stairs_down,0.08,20,20,0,0,0,6.004548078164513,14.479
terrain-2M 0.4,stairs_down,0.1,20,19,0,0,1,5.980805177253824,14.675789473684212
terrain-2M 0.4,stairs_down,0.12,20,8,11,0,1,3.7901646183990323,14.68
terrain-2M 0.4,stairs_down,0.15,20,3,14,0,3,2.370109795763426,16.933333333333334
terrain-2M 0.6,rough,0.0,20,20,0,0,0,6.005984766946284,10.483
terrain-2M 0.6,rough,0.01,20,20,0,0,0,6.004813977119784,10.482
terrain-2M 0.6,rough,0.02,20,20,0,0,0,6.006656504155197,10.486
terrain-2M 0.6,rough,0.03,20,20,0,0,0,6.006932125475609,10.489
terrain-2M 0.6,rough,0.04,20,20,0,0,0,6.005242731025154,10.501999999999999
terrain-2M 0.6,rough,0.05,20,20,0,0,0,6.0064607030401875,10.532999999999998
terrain-2M 0.6,rough,0.06,20,20,0,0,0,6.006012614878648,10.576999999999998
terrain-2M 0.6,rough,0.08,20,20,0,0,0,6.0062086059618425,11.034
terrain-2M 0.6,rough,0.1,20,13,6,1,0,5.010596828501846,12.295384615384616
terrain-2M 0.6,slope_up,3,20,20,0,0,0,6.005511312021174,10.649000000000003
terrain-2M 0.6,slope_up,6,20,20,0,0,0,6.006361541548001,10.726
terrain-2M 0.6,slope_up,9,20,20,0,0,0,6.006631524957426,10.901
terrain-2M 0.6,slope_up,12,20,20,0,0,0,6.006105680034173,11.153
terrain-2M 0.6,slope_up,15,20,20,0,0,0,6.0055970511528605,11.496
terrain-2M 0.6,slope_down,3,20,20,0,0,0,6.005318140961809,10.321000000000002
terrain-2M 0.6,slope_down,6,20,20,0,0,0,6.0063539267765105,10.151
terrain-2M 0.6,slope_down,9,20,20,0,0,0,6.0060684662528026,9.975000000000001
terrain-2M 0.6,slope_down,12,20,20,0,0,0,6.007019603377504,9.648
terrain-2M 0.6,slope_down,15,20,20,0,0,0,6.006364951428964,9.462
terrain-2M 0.6,stairs_up,0.02,20,20,0,0,0,6.00640384549232,10.558
terrain-2M 0.6,stairs_up,0.04,20,20,0,0,0,6.005167127630445,10.907
terrain-2M 0.6,stairs_up,0.06,20,20,0,0,0,6.005944284587917,11.189
terrain-2M 0.6,stairs_up,0.08,20,7,13,0,0,3.209383274679851,13.299999999999999
terrain-2M 0.6,stairs_up,0.1,20,0,13,0,7,1.1400278927591598,nan
terrain-2M 0.6,stairs_up,0.12,20,0,15,0,5,0.9462149758225149,nan
terrain-2M 0.6,stairs_up,0.15,20,0,19,0,1,0.8164007300209205,nan
terrain-2M 0.6,stairs_down,0.02,20,20,0,0,0,6.005402809006582,10.407000000000002
terrain-2M 0.6,stairs_down,0.04,20,20,0,0,0,6.005431664571048,10.303999999999998
terrain-2M 0.6,stairs_down,0.06,20,20,0,0,0,6.005728162652373,10.210999999999999
terrain-2M 0.6,stairs_down,0.08,20,20,0,0,0,6.005799345451473,10.255
terrain-2M 0.6,stairs_down,0.1,20,20,0,0,0,6.007072509332794,10.544
terrain-2M 0.6,stairs_down,0.12,20,9,10,0,1,3.9772544383511557,11.335555555555556
terrain-2M 0.6,stairs_down,0.15,20,2,18,0,0,2.0482522153410536,10.72
