lift,kind,level,success,fell,left_course,stuck
0.08,slope_up,15,20,0,0,0
0.08,rough,0.0,20,0,0,0
0.08,rough,0.08,20,0,0,0
0.08,rough,0.1,16,2,2,0
0.08,stairs_up,0.08,7,12,0,1
0.08,stairs_up,0.1,0,16,3,1
0.08,stairs_up,0.04,20,0,0,0
0.08,stairs_up,0.06,20,0,0,0
0.08,stairs_up,0.12,0,17,0,3
0.08,stairs_down,0.06,20,0,0,0
0.08,stairs_down,0.1,20,0,0,0
0.1,rough,0.0,20,0,0,0
0.1,rough,0.08,20,0,0,0
0.1,rough,0.1,17,3,0,0
0.1,slope_up,15,20,0,0,0
0.1,stairs_up,0.04,20,0,0,0
0.1,stairs_up,0.06,20,0,0,0
0.1,stairs_up,0.08,15,4,0,1
0.1,stairs_up,0.12,0,13,0,7
0.1,stairs_up,0.1,0,7,0,13
0.1,stairs_down,0.06,20,0,0,0
0.1,stairs_down,0.1,20,0,0,0
0.12,rough,0.0,20,0,0,0
0.12,rough,0.08,19,1,0,0
0.12,rough,0.1,17,2,1,0
0.12,slope_up,15,20,0,0,0
0.12,stairs_up,0.04,20,0,0,0
0.12,stairs_up,0.06,18,0,0,2
0.12,stairs_up,0.1,0,13,0,7
0.12,stairs_up,0.08,4,11,0,5
0.12,stairs_up,0.12,0,14,0,6
0.12,stairs_down,0.06,20,0,0,0
0.12,stairs_down,0.1,19,0,0,1
