variant,speed,kind,level,success,fell,left_course,stuck,mean_x
base,0.4,slope_up,12,2,7,1,0,3.579254812576793
base,0.4,rough,0.0,10,0,0,0,6.003457697440679
base,0.4,rough,0.1,0,4,0,6,2.539420063417253
base,0.4,rough,0.06,9,0,0,1,5.980023414254187
base,0.4,slope_up,15,0,10,0,0,1.570855031448345
base,0.4,slope_down,15,10,0,0,0,6.004827858444541
base,0.4,stairs_up,0.04,6,1,0,3,5.016869126311103
base,0.4,stairs_up,0.06,0,3,0,7,1.3666786972903289
base,0.4,stairs_up,0.08,0,0,0,10,1.1097851201604108
base,0.4,stairs_up,0.1,0,2,0,8,1.073037471085365
base,0.4,stairs_up,0.12,0,0,0,10,1.1042750957369467
base,0.4,stairs_down,0.1,2,7,0,1,3.258303041739443
base,0.4,stairs_up,0.15,0,1,0,9,1.0384751603400457
base,0.4,stairs_down,0.06,10,0,0,0,6.004448317955126
base,0.4,stairs_down,0.12,0,8,1,1,2.1359435433735956
base,0.4,stairs_down,0.15,0,9,0,1,1.6383624866808977
base,0.6,rough,0.0,10,0,0,0,6.007527549449561
base,0.6,rough,0.06,9,0,1,0,5.706388274752504
base,0.6,slope_up,15,0,10,0,0,1.9837350462598728
base,0.6,rough,0.1,3,3,4,0,4.293056009887485
base,0.6,slope_up,12,8,1,1,0,5.38335371400041
base,0.6,slope_down,15,10,0,0,0,6.00662217626918
base,0.6,stairs_up,0.04,7,0,3,0,4.9520637457493635
base,0.6,stairs_up,0.06,0,7,2,1,1.5439061506476217
base,0.6,stairs_up,0.08,0,6,0,4,1.1206627880873778
base,0.6,stairs_up,0.1,0,0,0,10,1.1268527830588997
base,0.6,stairs_up,0.15,0,3,0,7,0.9831937981263691
base,0.6,stairs_down,0.06,8,1,1,0,5.451425283033557
base,0.6,stairs_up,0.12,0,2,0,8,1.0753303031396897
base,0.6,stairs_down,0.15,0,9,0,1,1.5100461265191678
base,0.6,stairs_down,0.1,2,8,0,0,2.9011045927386467
base,0.6,stairs_down,0.12,0,7,1,2,1.9532793829007844
exactik,0.4,rough,0.0,10,0,0,0,6.004081635296965
exactik,0.4,rough,0.1,0,3,1,6,2.916660572239863
exactik,0.4,rough,0.06,6,2,0,2,5.381581066657004
exactik,0.4,slope_up,15,0,10,0,0,1.6564042442133478
exactik,0.4,slope_up,12,10,0,0,0,6.00391274887811
exactik,0.4,slope_down,15,10,0,0,0,6.0055311218320035
exactik,0.4,stairs_up,0.04,7,1,1,1,5.3347855037944045
exactik,0.4,stairs_up,0.06,1,5,0,4,2.189543927279534
exactik,0.4,stairs_up,0.08,0,2,0,8,1.1360988042522098
exactik,0.4,stairs_up,0.1,0,2,0,8,1.0145110132520192
exactik,0.4,stairs_up,0.15,0,2,0,8,0.9925648438096042
exactik,0.4,stairs_up,0.12,0,0,0,10,1.1072077909154323
exactik,0.4,stairs_down,0.06,10,0,0,0,6.0063431983854025
exactik,0.4,stairs_down,0.15,0,10,0,0,1.4956461605487488
exactik,0.4,stairs_down,0.12,1,9,0,0,2.535757898630796
exactik,0.4,stairs_down,0.1,7,2,0,1,5.245434392070137
exactik,0.6,rough,0.0,10,0,0,0,6.006191818674959
exactik,0.6,slope_up,12,3,2,5,0,4.462008555440017
exactik,0.6,slope_up,15,0,10,0,0,1.761284636797011
exactik,0.6,rough,0.1,1,5,3,1,2.2009979953780534
exactik,0.6,rough,0.06,6,1,3,0,5.067991974816894
exactik,0.6,slope_down,15,9,1,0,0,5.872309960393439
exactik,0.6,stairs_up,0.04,5,1,3,1,4.522391830712747
exactik,0.6,stairs_up,0.06,1,6,1,2,2.553948218141622
exactik,0.6,stairs_up,0.08,0,4,0,6,1.1353505335467453
exactik,0.6,stairs_up,0.1,0,5,0,5,1.0582038825149442
exactik,0.6,stairs_up,0.12,0,5,1,4,1.0512250472701825
exactik,0.6,stairs_up,0.15,0,3,0,7,1.038467411972124
exactik,0.6,stairs_down,0.06,9,1,0,0,5.625986365029061
exactik,0.6,stairs_down,0.1,1,9,0,0,2.448924960525763
exactik,0.6,stairs_down,0.12,0,10,0,0,1.9079509356354478
exactik,0.6,stairs_down,0.15,0,10,0,0,1.6416562900535538
terrain,0.4,rough,0.0,10,0,0,0,6.004081635296965
terrain,0.4,slope_up,12,9,1,0,0,5.829794295508493
terrain,0.4,rough,0.1,0,3,1,6,2.9226400674621336
terrain,0.4,rough,0.06,1,0,0,9,4.820810129332573
terrain,0.4,slope_up,15,3,7,0,0,3.9302820456339744
terrain,0.4,stairs_up,0.06,2,8,0,0,2.7477352207678516
terrain,0.4,stairs_up,0.08,0,10,0,0,1.5540971393910552
terrain,0.4,slope_down,15,9,0,1,0,5.9588897438896655
terrain,0.4,stairs_up,0.04,7,0,0,3,5.3721152884069125
terrain,0.4,stairs_up,0.1,0,10,0,0,1.2390844109827737
terrain,0.4,stairs_up,0.12,0,10,0,0,1.1659029643509111
terrain,0.4,stairs_up,0.15,0,6,0,4,1.0629439130590057
terrain,0.4,stairs_down,0.06,8,0,0,2,5.304792479367078
terrain,0.4,stairs_down,0.1,1,2,1,6,2.3940569121983324
terrain,0.4,stairs_down,0.12,0,4,1,5,1.8386786950760705
terrain,0.4,stairs_down,0.15,0,6,0,4,1.2970348377700467
terrain,0.6,rough,0.0,10,0,0,0,6.006191818674959
terrain,0.6,slope_up,12,5,5,0,0,4.686164727627344
terrain,0.6,rough,0.06,6,1,2,1,5.2047237728576246
terrain,0.6,rough,0.1,0,4,0,6,2.271075882813841
terrain,0.6,slope_up,15,1,7,0,2,3.0149209986082566
terrain,0.6,stairs_up,0.06,2,6,1,1,3.125370511574469
terrain,0.6,stairs_up,0.04,8,0,2,0,5.36806251295455
terrain,0.6,slope_down,15,6,0,3,1,5.547108319649488
terrain,0.6,stairs_up,0.08,0,8,0,2,1.925198171027246
terrain,0.6,stairs_up,0.1,0,10,0,0,1.2929896613072351
terrain,0.6,stairs_up,0.12,0,9,1,0,1.1010658540375053
terrain,0.6,stairs_up,0.15,0,6,0,4,1.0451619870862419
terrain,0.6,stairs_down,0.12,0,7,0,3,1.4024314895322427
terrain,0.6,stairs_down,0.06,8,0,0,2,5.217569203919401
terrain,0.6,stairs_down,0.1,1,7,0,2,2.086400297209631
terrain,0.6,stairs_down,0.15,0,7,0,3,1.602991207570541
