fall_edge,fall_segment,fall_since_switch,fall_skill,fell,mean_err,reached,seed,segments,set,switches
,-1,-1,,False,0.010919134583048653,6,8000,6,slow,6
,-1,-1,,False,0.019890621180065984,6,8001,6,slow,7
,-1,-1,,False,0.022938753154340463,6,8002,6,slow,6
,-1,-1,,False,0.018380467500162277,6,8003,6,slow,6
,-1,-1,,False,0.01839609761201208,6,8004,6,slow,8
,-1,-1,,False,0.01972792330212282,6,8005,6,slow,10
,-1,-1,,False,0.014357954471683814,6,8006,6,slow,8
,-1,-1,,False,0.03135162018516745,6,8007,6,slow,8
,-1,-1,,False,0.043676421721022825,5,8008,6,slow,7
,-1,-1,,False,0.03647969408951195,6,8009,6,slow,6
,-1,-1,,False,0.026949628403280575,6,8010,6,slow,7
,-1,-1,,False,0.026437333119399886,6,8011,6,slow,8
,-1,-1,,False,0.019957487275375118,6,8012,6,slow,6
,-1,-1,,False,0.019633236216943347,6,8013,6,slow,10
,-1,-1,,False,0.021055426748412362,6,8014,6,slow,7
,-1,-1,,False,0.01572013782835553,6,8015,6,slow,7
,-1,-1,,False,0.012807917832593177,6,8016,6,slow,6
,-1,-1,,False,0.026576953945823465,6,8017,6,slow,7
,-1,-1,,False,0.031207744962233476,6,8018,6,slow,11
,-1,-1,,False,0.03905072164759686,5,8019,6,slow,7
,-1,-1,,False,0.01909502333631531,6,8020,6,slow,9
,-1,-1,,False,0.013944448333804881,6,8021,6,slow,6
,-1,-1,,False,0.020477045727105323,6,8022,6,slow,10
,-1,-1,,False,0.034425184684914144,6,8023,6,slow,6
,-1,-1,,False,0.036305128500986106,5,8024,6,slow,6
,-1,-1,,False,0.019248182545428504,6,8025,6,slow,7
,-1,-1,,False,0.014435765983102703,6,8026,6,slow,6
,-1,-1,,False,0.021602032017502614,6,8027,6,slow,8
,-1,-1,,False,0.015879971215720115,6,8028,6,slow,7
,-1,-1,,False,0.04669788937823922,5,8029,6,slow,6
,-1,-1,,False,0.01717147064231752,6,8030,6,slow,7
,-1,-1,,False,0.01565592493423237,6,8031,6,slow,5
,-1,-1,,False,0.015197111438539667,6,8032,6,slow,7
,-1,-1,,False,0.013511877506549126,6,8033,6,slow,8
,-1,-1,,False,0.02871211224630202,6,8034,6,slow,10
,-1,-1,,False,0.013626519548801497,6,8035,6,slow,6
,-1,-1,,False,0.02089856904606852,6,8036,6,slow,6
,-1,-1,,False,0.02463595489491365,6,8037,6,slow,8
,-1,-1,,False,0.016149537303485076,6,8038,6,slow,5
,-1,-1,,False,0.03715397837212513,6,8039,6,slow,6
,-1,-1,,False,0.030502824439506325,6,8040,6,slow,10
,-1,-1,,False,0.0328187186232865,6,8041,6,slow,8
,-1,-1,,False,0.014049398586284217,6,8042,6,slow,6
,-1,-1,,False,0.0255113038259046,6,8043,6,slow,8
,-1,-1,,False,0.021797119454882476,6,8044,6,slow,7
,-1,-1,,False,0.025029848025665182,6,8045,6,slow,6
,-1,-1,,False,0.03251516688275934,6,8046,6,slow,8
,-1,-1,,False,0.016744747532491566,6,8047,6,slow,9
,-1,-1,,False,0.016290009262715007,6,8048,6,slow,7
,-1,-1,,False,0.0547086203439779,5,8049,6,slow,4
,-1,-1,,False,0.030884690238063044,6,8050,6,slow,8
,-1,-1,,False,0.018356024303141278,6,8051,6,slow,8
,-1,-1,,False,0.0308059906093315,6,8052,6,slow,6
,-1,-1,,False,0.03328453004468404,5,8053,6,slow,5
,-1,-1,,False,0.01407130085333274,6,8054,6,slow,5
,-1,-1,,False,0.022783355777069195,6,8055,6,slow,8
,-1,-1,,False,0.012690220216873932,6,8056,6,slow,6
,-1,-1,,False,0.04367433766327833,6,8057,6,slow,6
,-1,-1,,False,0.012903867602427586,6,8058,6,slow,7
,-1,-1,,False,0.015095814962413507,6,8059,6,slow,7
,-1,-1,,False,0.02327050776928603,6,8060,6,slow,9
,-1,-1,,False,0.020334972245482166,6,8061,6,slow,8
,-1,-1,,False,0.025944719470102906,6,8062,6,slow,6
,-1,-1,,False,0.02541796317700267,6,8063,6,slow,6
,-1,-1,,False,0.02243678789695776,6,8064,6,slow,5
,-1,-1,,False,0.02232746521988902,6,8065,6,slow,7
,-1,-1,,False,0.012530266075551445,6,8066,6,slow,7
,-1,-1,,False,0.01591869192729937,6,8067,6,slow,8
,-1,-1,,False,0.03215174304610754,6,8068,6,slow,8
,-1,-1,,False,0.026581678964532247,6,8069,6,slow,6
,-1,-1,,False,0.02085150211916497,6,8070,6,slow,7
,-1,-1,,False,0.019829184435631947,6,8071,6,slow,8
,-1,-1,,False,0.016193919188709067,6,8072,6,slow,7
,-1,-1,,False,0.029871070396902368,6,8073,6,slow,10
,-1,-1,,False,0.036347368197976175,5,8074,6,slow,6
,-1,-1,,False,0.023937192290931074,6,8075,6,slow,8
,-1,-1,,False,0.020980896575229127,6,8076,6,slow,10
,-1,-1,,False,0.028259013920678738,6,8077,6,slow,8
,-1,-1,,False,0.0343052934763324,6,8078,6,slow,6
,-1,-1,,False,0.016158031941540762,6,8079,6,slow,6
,-1,-1,,False,0.029708774898562596,6,8080,6,slow,5
,-1,-1,,False,0.013557588593585624,6,8081,6,slow,7
,-1,-1,,False,0.019775741613997817,6,8082,6,slow,8
,-1,-1,,False,0.02458820236130459,6,8083,6,slow,9
,-1,-1,,False,0.013065862482179483,6,8084,6,slow,8
,-1,-1,,False,0.0381214768212306,6,8085,6,slow,6
,-1,-1,,False,0.0445082938320785,6,8086,6,slow,5
,-1,-1,,False,0.020282482307587522,6,8087,6,slow,8
,-1,-1,,False,0.027457749998403096,5,8088,6,slow,8
,-1,-1,,False,0.023295577998116886,6,8089,6,slow,8
,-1,-1,,False,0.018774916417358442,6,8090,6,slow,10
,-1,-1,,False,0.025180948457396463,6,8091,6,slow,9
,-1,-1,,False,0.010059960158534007,6,8092,6,slow,6
,-1,-1,,False,0.019174684079772582,6,8093,6,slow,8
,-1,-1,,False,0.011297747752966754,6,8094,6,slow,6
,-1,-1,,False,0.011962764495626962,6,8095,6,slow,8
,-1,-1,,False,0.020344191498065076,6,8096,6,slow,8
,-1,-1,,False,0.014857840922498878,6,8097,6,slow,8
,-1,-1,,False,0.02065289821887378,6,8098,6,slow,9
,-1,-1,,False,0.02904158605986351,6,8099,6,slow,8
,-1,-1,,False,0.04677314745284965,10,8000,10,fast,10
,-1,-1,,False,0.05679172627528936,10,8001,10,fast,12
,-1,-1,,False,0.04575443635400534,10,8002,10,fast,14
,-1,-1,,False,0.029242205696996145,10,8003,10,fast,14
,-1,-1,,False,0.038408961454718615,10,8004,10,fast,16
,-1,-1,,False,0.06800527726045137,9,8005,10,fast,10
,-1,-1,,False,0.17253382451353375,9,8006,10,fast,16
,-1,-1,,False,0.06998925505555446,10,8007,10,fast,12
,-1,-1,,False,0.08424707395898855,9,8008,10,fast,12
,-1,-1,,False,0.0920059885298491,10,8009,10,fast,12
,-1,-1,,False,0.03615406966276659,10,8010,10,fast,12
,-1,-1,,False,0.1774195526828163,9,8011,10,fast,12
,-1,-1,,False,0.029824220245236503,10,8012,10,fast,13
,-1,-1,,False,0.13070186959397564,10,8013,10,fast,18
,-1,-1,,False,0.040895394580528745,10,8014,10,fast,11
,-1,-1,,False,0.019614323288651894,10,8015,10,fast,12
,-1,-1,,False,0.06430146707010488,10,8016,10,fast,13
,-1,-1,,False,0.035321208290505154,10,8017,10,fast,11
,-1,-1,,False,0.12673501411549365,10,8018,10,fast,16
,-1,-1,,False,0.15431366562724547,9,8019,10,fast,14
,-1,-1,,False,0.03716394414410924,10,8020,10,fast,14
,-1,-1,,False,0.01946132029881685,10,8021,10,fast,12
,-1,-1,,False,0.11703898417051585,10,8022,10,fast,14
,-1,-1,,False,0.03734399981583676,9,8023,10,fast,10
,-1,-1,,False,0.09260417367075822,10,8024,10,fast,11
,-1,-1,,False,0.030772981592098406,10,8025,10,fast,11
,-1,-1,,False,0.02305334035283657,10,8026,10,fast,12
,-1,-1,,False,0.02304516321974107,10,8027,10,fast,13
,-1,-1,,False,0.034379011070675446,9,8028,10,fast,10
,-1,-1,,False,0.0672330390688757,10,8029,10,fast,11
,-1,-1,,False,0.05835780641440599,10,8030,10,fast,12
,-1,-1,,False,0.02164376116898572,10,8031,10,fast,11
,-1,-1,,False,0.04524027149223562,10,8032,10,fast,12
,-1,-1,,False,0.032032624047122524,10,8033,10,fast,14
,-1,-1,,False,0.10726557906925964,10,8034,10,fast,16
,-1,-1,,False,0.02008143238507585,10,8035,10,fast,12
,-1,-1,,False,0.021821488354761772,10,8036,10,fast,10
,-1,-1,,False,0.03224906667476526,10,8037,10,fast,16
,-1,-1,,False,0.017308726442076258,10,8038,10,fast,10
,-1,-1,,False,0.026873536272483237,9,8039,10,fast,12
,-1,-1,,False,0.10511538326734238,10,8040,10,fast,15
,-1,-1,,False,0.05200806019053583,9,8041,10,fast,12
,-1,-1,,False,0.019174789295290064,10,8042,10,fast,12
,-1,-1,,False,0.07868515043670828,10,8043,10,fast,12
,-1,-1,,False,0.16540900745732257,7,8044,10,fast,8
,-1,-1,,False,0.0320516468978372,10,8045,10,fast,8
,-1,-1,,False,0.06763642050284176,10,8046,10,fast,14
,-1,-1,,False,0.17292304472749656,9,8047,10,fast,14
,-1,-1,,False,0.019488776799631416,10,8048,10,fast,12
,-1,-1,,False,0.08869944230656242,8,8049,10,fast,8
,-1,-1,,False,0.16393455143676716,9,8050,10,fast,14
,-1,-1,,False,0.058440302751177314,10,8051,10,fast,15
,-1,-1,,False,0.051981050331982914,10,8052,10,fast,11
,-1,-1,,False,0.06372123895884559,9,8053,10,fast,8
,-1,-1,,False,0.04647196412024853,10,8054,10,fast,9
,-1,-1,,False,0.04899866998936811,10,8055,10,fast,14
,-1,-1,,False,0.019886859217331992,10,8056,10,fast,12
,-1,-1,,False,0.04724047625538217,10,8057,10,fast,13
,-1,-1,,False,0.02091994166719141,10,8058,10,fast,10
,-1,-1,,False,0.01720953272916382,10,8059,10,fast,12
,-1,-1,,False,0.08330339277630744,10,8060,10,fast,15
,-1,-1,,False,0.03459187833919613,10,8061,10,fast,14
,-1,-1,,False,0.024827494907467433,10,8062,10,fast,11
,-1,-1,,False,0.0392163322837884,10,8063,10,fast,8
,-1,-1,,False,0.024093678274154682,10,8064,10,fast,10
,-1,-1,,False,0.032462514750345305,10,8065,10,fast,11
,-1,-1,,False,0.05080502475319928,10,8066,10,fast,12
,-1,-1,,False,0.043739929712984564,10,8067,10,fast,14
,-1,-1,,False,0.05845015265821173,10,8068,10,fast,14
,-1,-1,,False,0.03779288292150673,10,8069,10,fast,10
,-1,-1,,False,0.17635638125898692,8,8070,10,fast,12
,-1,-1,,False,0.06988618994632742,10,8071,10,fast,12
,-1,-1,,False,0.029037258314634096,10,8072,10,fast,10
,-1,-1,,False,0.02718726780924429,10,8073,10,fast,14
,-1,-1,,False,0.035834196837664985,10,8074,10,fast,13
,-1,-1,,False,0.03779754319189589,10,8075,10,fast,12
,-1,-1,,False,0.190113585123485,10,8076,10,fast,16
,-1,-1,,False,0.053045852777713315,10,8077,10,fast,12
,-1,-1,,False,0.031068987722652017,10,8078,10,fast,10
,-1,-1,,False,0.020344649886330685,10,8079,10,fast,10
,-1,-1,,False,0.067539640484538,10,8080,10,fast,12
,-1,-1,,False,0.02424247552637713,10,8081,10,fast,11
,-1,-1,,False,0.05918251450059422,10,8082,10,fast,12
,-1,-1,,False,0.1402837048003378,9,8083,10,fast,14
,-1,-1,,False,0.048021375766250776,10,8084,10,fast,12
,-1,-1,,False,0.0711186560851735,9,8085,10,fast,10
,-1,-1,,False,0.1754374777015381,7,8086,10,fast,10
,-1,-1,,False,0.14146611635646392,9,8087,10,fast,13
,-1,-1,,False,0.05320696871094838,10,8088,10,fast,13
,-1,-1,,False,0.03481942442906927,10,8089,10,fast,14
,-1,-1,,False,0.04699565732671584,10,8090,10,fast,16
,-1,-1,,False,0.15058428599632134,9,8091,10,fast,15
,-1,-1,,False,0.0940557126440107,10,8092,10,fast,8
,-1,-1,,False,0.06407873540181387,10,8093,10,fast,12
,-1,-1,,False,0.024554482767079694,10,8094,10,fast,12
,-1,-1,,False,0.02911827677442528,10,8095,10,fast,12
,-1,-1,,False,0.03723551162461935,10,8096,10,fast,14
,-1,-1,,False,0.07611643940989475,10,8097,10,fast,14
,-1,-1,,False,0.10965900500816618,10,8098,10,fast,16
,-1,-1,,False,0.11133180002421221,9,8099,10,fast,12
,-1,-1,,False,0.018324539544792025,6,8000,6,turns,8
,-1,-1,,False,0.015109327556340257,6,8001,6,turns,8
,-1,-1,,False,0.03327346667714102,6,8002,6,turns,4
,-1,-1,,False,0.01649598182998516,6,8003,6,turns,8
,-1,-1,,False,0.013018996231239838,6,8004,6,turns,8
,-1,-1,,False,0.014387325605505128,6,8005,6,turns,7
,-1,-1,,False,0.03994475493799446,6,8006,6,turns,8
,-1,-1,,False,0.021966739591970937,6,8007,6,turns,8
,-1,-1,,False,0.031804684626399356,6,8008,6,turns,9
,-1,-1,,False,0.052003559096451886,6,8009,6,turns,4
,-1,-1,,False,0.038461289497298594,6,8010,6,turns,6
,-1,-1,,False,0.030850642180330987,6,8011,6,turns,8
,-1,-1,,False,0.012373290742799326,6,8012,6,turns,6
,-1,-1,,False,0.03034630893714165,6,8013,6,turns,10
,-1,-1,,False,0.021643919691836454,6,8014,6,turns,8
,-1,-1,,False,0.013679995194093604,6,8015,6,turns,7
,-1,-1,,False,0.015453222252079653,6,8016,6,turns,8
,-1,-1,,False,0.01738617280583926,6,8017,6,turns,6
,-1,-1,,False,0.04313513068860562,5,8018,6,turns,6
,-1,-1,,False,0.03131144311249853,6,8019,6,turns,9
,-1,-1,,False,0.020909180113049926,6,8020,6,turns,8
,-1,-1,,False,0.014479625814906019,6,8021,6,turns,5
,-1,-1,,False,0.018455334862139013,6,8022,6,turns,9
,-1,-1,,False,0.026080799465377728,6,8023,6,turns,10
,-1,-1,,False,0.03576347183445107,5,8024,6,turns,7
,-1,-1,,False,0.021762454556604246,6,8025,6,turns,6
,-1,-1,,False,0.015741835983909647,6,8026,6,turns,6
,-1,-1,,False,0.01630240856177951,6,8027,6,turns,7
,-1,-1,,False,0.0333960189677899,6,8028,6,turns,8
,-1,-1,,False,0.02974673921652407,6,8029,6,turns,6
,-1,-1,,False,0.03351565753051571,6,8030,6,turns,8
,-1,-1,,False,0.025805088753103764,6,8031,6,turns,6
,-1,-1,,False,0.01363079116837618,6,8032,6,turns,6
,-1,-1,,False,0.016130265182526783,6,8033,6,turns,6
,-1,-1,,False,0.03417340141742253,6,8034,6,turns,8
,-1,-1,,False,0.012631903445883268,6,8035,6,turns,6
,-1,-1,,False,0.02107374062346884,6,8036,6,turns,7
,-1,-1,,False,0.02578732206982416,6,8037,6,turns,7
,-1,-1,,False,0.020284983528653086,6,8038,6,turns,6
,-1,-1,,False,0.023977450905497376,6,8039,6,turns,7
,-1,-1,,False,0.03593231138771631,6,8040,6,turns,10
,-1,-1,,False,0.04015743592224432,6,8041,6,turns,6
,-1,-1,,False,0.021813550292489575,6,8042,6,turns,9
,-1,-1,,False,0.03353286052201047,6,8043,6,turns,6
,-1,-1,,False,0.019726295560438756,6,8044,6,turns,10
,-1,-1,,False,0.015482810565716409,6,8045,6,turns,8
,-1,-1,,False,0.022259959384880377,6,8046,6,turns,8
,-1,-1,,False,0.009092721073767043,6,8047,6,turns,8
,-1,-1,,False,0.017771480191960228,6,8048,6,turns,5
,-1,-1,,False,0.0491138208343107,5,8049,6,turns,8
,-1,-1,,False,0.028269506770030327,6,8050,6,turns,10
,-1,-1,,False,0.016186942798605546,6,8051,6,turns,7
,-1,-1,,False,0.03334430396635,5,8052,6,turns,3
,-1,-1,,False,0.034640773888345334,5,8053,6,turns,6
,-1,-1,,False,0.01656138882740508,6,8054,6,turns,5
,-1,-1,,False,0.019672420642997547,6,8055,6,turns,7
,-1,-1,,False,0.012623778554539231,6,8056,6,turns,6
,-1,-1,,False,0.013991995243402592,6,8057,6,turns,6
,-1,-1,,False,0.020970994713611392,6,8058,6,turns,8
,-1,-1,,False,0.019281671044674854,6,8059,6,turns,8
,-1,-1,,False,0.04048475296125601,6,8060,6,turns,8
,-1,-1,,False,0.02789907967904287,6,8061,6,turns,7
,-1,-1,,False,0.03710764469268284,6,8062,6,turns,5
,-1,-1,,False,0.02033180754337139,6,8063,6,turns,8
,-1,-1,,False,0.020015562811308396,6,8064,6,turns,8
,-1,-1,,False,0.024239546901247307,6,8065,6,turns,7
,-1,-1,,False,0.014607207985095426,6,8066,6,turns,6
,-1,-1,,False,0.037150856909424976,5,8067,6,turns,4
,-1,-1,,False,0.022500538857196682,6,8068,6,turns,9
,-1,-1,,False,0.020545684449218598,6,8069,6,turns,7
,-1,-1,,False,0.019520031389080508,6,8070,6,turns,8
,-1,-1,,False,0.027377485510841175,6,8071,6,turns,10
,-1,-1,,False,0.016930421985310348,6,8072,6,turns,6
,-1,-1,,False,0.015271107693023606,6,8073,6,turns,7
,-1,-1,,False,0.018542570688867794,6,8074,6,turns,8
,-1,-1,,False,0.018151190965114753,6,8075,6,turns,8
,-1,-1,,False,0.023485292694524176,6,8076,6,turns,8
,-1,-1,,False,0.03288893467940219,6,8077,6,turns,8
,-1,-1,,False,0.027168292363518254,6,8078,6,turns,8
,-1,-1,,False,0.012415744648782735,6,8079,6,turns,8
,-1,-1,,False,0.0073840838192952745,6,8080,6,turns,6
,-1,-1,,False,0.01815832834416689,6,8081,6,turns,8
,-1,-1,,False,0.020118096757566234,6,8082,6,turns,7
,-1,-1,,False,0.02106695642816634,6,8083,6,turns,10
,-1,-1,,False,0.02644154077114795,6,8084,6,turns,10
,-1,-1,,False,0.025570610214094822,6,8085,6,turns,10
,-1,-1,,False,0.03568684428218219,6,8086,6,turns,7
,-1,-1,,False,0.04486589767072503,6,8087,6,turns,6
,-1,-1,,False,0.04390648898128095,6,8088,6,turns,4
,-1,-1,,False,0.016274700410215046,6,8089,6,turns,7
,-1,-1,,False,0.02652904762230099,6,8090,6,turns,11
,-1,-1,,False,0.010121786940136388,6,8091,6,turns,8
,-1,-1,,False,0.010302956070384563,6,8092,6,turns,6
,-1,-1,,False,0.02161408366502945,6,8093,6,turns,8
,-1,-1,,False,0.032533954496421685,6,8094,6,turns,4
,-1,-1,,False,0.019770458177328424,6,8095,6,turns,8
,-1,-1,,False,0.02756940062313562,6,8096,6,turns,8
,-1,-1,,False,0.016417088549468332,6,8097,6,turns,8
,-1,-1,,False,0.021154095079737076,6,8098,6,turns,10
,-1,-1,,False,0.031128475622619552,6,8099,6,turns,8
