fall_edge,fall_segment,fall_since_switch,fall_skill,fell,mean_err,reached,reason,seed,segments,set,switches,target_class_at_fall
,-1,-1,,False,0.01621347851596819,6,,9000,6,slow,7,
,-1,-1,,False,0.022520500552164407,6,,9001,6,slow,6,
,-1,-1,,False,0.016481721858779247,6,,9002,6,slow,6,
,-1,-1,,False,0.01982280213077582,6,,9003,6,slow,9,
,-1,-1,,False,0.04412352835338344,5,,9004,6,slow,5,
,-1,-1,,False,0.015605662592583135,6,,9005,6,slow,7,
,-1,-1,,False,0.026109115912617595,5,,9006,6,slow,6,
,-1,-1,,False,0.0219526620464443,6,,9007,6,slow,8,
,-1,-1,,False,0.022263911028519413,6,,9008,6,slow,6,
,-1,-1,,False,0.02323148565381352,6,,9009,6,slow,9,
,-1,-1,,False,0.017105229944308277,6,,9010,6,slow,7,
,-1,-1,,False,0.01530375596856666,6,,9011,6,slow,7,
,-1,-1,,False,0.01880961641584894,6,,9012,6,slow,7,
,-1,-1,,False,0.0198369487313287,6,,9013,6,slow,8,
,-1,-1,,False,0.019793613957372204,6,,9014,6,slow,8,
,-1,-1,,False,0.028353904611027415,6,,9015,6,slow,8,
,-1,-1,,False,0.03341670159522803,6,,9016,6,slow,6,
,-1,-1,,False,0.02290881337236667,6,,9017,6,slow,8,
,-1,-1,,False,0.027694516019271708,6,,9018,6,slow,8,
,-1,-1,,False,0.03245819141876223,6,,9019,6,slow,8,
,-1,-1,,False,0.016375168226602968,6,,9020,6,slow,7,
,-1,-1,,False,0.04364574143152831,6,,9021,6,slow,4,
,-1,-1,,False,0.02272893997088193,6,,9022,6,slow,8,
,-1,-1,,False,0.021835090343384315,6,,9023,6,slow,9,
,-1,-1,,False,0.019649020206353136,6,,9024,6,slow,7,
,-1,-1,,False,0.022006250136649055,6,,9025,6,slow,9,
,-1,-1,,False,0.02094309448828655,6,,9026,6,slow,8,
,-1,-1,,False,0.019176657430654696,6,,9027,6,slow,7,
,-1,-1,,False,0.022177580567840055,6,,9028,6,slow,7,
,-1,-1,,False,0.02031086571010258,6,,9029,6,slow,7,
,-1,-1,,False,0.03096842877962216,6,,9030,6,slow,6,
,-1,-1,,False,0.031444017781893444,5,,9031,6,slow,6,
,-1,-1,,False,0.022298792114879416,6,,9032,6,slow,8,
,-1,-1,,False,0.016190293519689467,6,,9033,6,slow,5,
,-1,-1,,False,0.03969525813582822,5,,9034,6,slow,6,
,-1,-1,,False,0.030562352165923155,6,,9035,6,slow,9,
,-1,-1,,False,0.012227012936971118,6,,9036,6,slow,7,
,-1,-1,,False,0.023348700717857794,6,,9037,6,slow,9,
,-1,-1,,False,0.0174094346769767,6,,9038,6,slow,7,
,-1,-1,,False,0.023325473685403473,6,,9039,6,slow,10,
,-1,-1,,False,0.013186656595767647,6,,9040,6,slow,8,
,-1,-1,,False,0.02241135257598547,6,,9041,6,slow,6,
,-1,-1,,False,0.023799721503928537,6,,9042,6,slow,6,
,-1,-1,,False,0.01808007964778125,6,,9043,6,slow,8,
,-1,-1,,False,0.021908541201976186,6,,9044,6,slow,9,
,-1,-1,,False,0.01738433650968339,6,,9045,6,slow,5,
,-1,-1,,False,0.012566552958797494,6,,9046,6,slow,8,
,-1,-1,,False,0.02195934760712164,6,,9047,6,slow,7,
,-1,-1,,False,0.023652686637502106,6,,9048,6,slow,8,
,-1,-1,,False,0.02195529807802525,6,,9049,6,slow,9,
,-1,-1,,False,0.015804538941232658,6,,9050,6,slow,8,
,-1,-1,,False,0.011418671451673764,6,,9051,6,slow,7,
,-1,-1,,False,0.02806904909132445,6,,9052,6,slow,10,
,-1,-1,,False,0.02750637813991451,6,,9053,6,slow,10,
,-1,-1,,False,0.020797023510709483,6,,9054,6,slow,8,
,-1,-1,,False,0.030313601062261768,6,,9055,6,slow,8,
,-1,-1,,False,0.024048826886220454,6,,9056,6,slow,6,
,-1,-1,,False,0.0252238131084381,6,,9057,6,slow,6,
,-1,-1,,False,0.02063793640675383,6,,9058,6,slow,8,
,-1,-1,,False,0.02032601507112926,6,,9059,6,slow,8,
,-1,-1,,False,0.016646206500331672,6,,9060,6,slow,8,
,-1,-1,,False,0.013974454979226926,6,,9061,6,slow,8,
walk->stand,3,10,stand,True,,3,tilt,9062,6,slow,4,stand
,-1,-1,,False,0.01520741078152876,6,,9063,6,slow,8,
,-1,-1,,False,0.009011323344879384,6,,9064,6,slow,5,
,-1,-1,,False,0.04300430376993119,6,,9065,6,slow,6,
,-1,-1,,False,0.025134500123722463,6,,9066,6,slow,8,
,-1,-1,,False,0.021925353356479795,6,,9067,6,slow,6,
,-1,-1,,False,0.012255375085051394,6,,9068,6,slow,6,
,-1,-1,,False,0.018160748652966432,6,,9069,6,slow,7,
,-1,-1,,False,0.016012644556455426,6,,9070,6,slow,7,
,-1,-1,,False,0.01166999573837374,6,,9071,6,slow,6,
,-1,-1,,False,0.016358759766890402,6,,9072,6,slow,7,
,-1,-1,,False,0.01563231094661615,6,,9073,6,slow,7,
,-1,-1,,False,0.019611667338647727,6,,9074,6,slow,7,
,-1,-1,,False,0.013136957628444886,6,,9075,6,slow,7,
,-1,-1,,False,0.023332214475288406,6,,9076,6,slow,8,
,-1,-1,,False,0.020673883207441256,6,,9077,6,slow,12,
,-1,-1,,False,0.029502158331928242,6,,9078,6,slow,8,
,-1,-1,,False,0.02065753799670904,6,,9079,6,slow,7,
,-1,-1,,False,0.021532777422748825,6,,9080,6,slow,6,
,-1,-1,,False,0.034698834570042206,6,,9081,6,slow,6,
,-1,-1,,False,0.026466182278356936,6,,9082,6,slow,7,
,-1,-1,,False,0.02702427971037308,6,,9083,6,slow,7,
,-1,-1,,False,0.033904973310771164,6,,9084,6,slow,8,
,-1,-1,,False,0.031184142631981965,6,,9085,6,slow,7,
,-1,-1,,False,0.0126061401661126,6,,9086,6,slow,8,
,-1,-1,,False,0.015693490766054967,6,,9087,6,slow,6,
,-1,-1,,False,0.015544014836973551,6,,9088,6,slow,5,
,-1,-1,,False,0.03088516672847407,6,,9089,6,slow,8,
,-1,-1,,False,0.03143494631978443,6,,9090,6,slow,8,
,-1,-1,,False,0.018371190967226912,6,,9091,6,slow,7,
,-1,-1,,False,0.03769558864338017,6,,9092,6,slow,6,
,-1,-1,,False,0.018045982410438234,6,,9093,6,slow,6,
,-1,-1,,False,0.020823445213825,6,,9094,6,slow,9,
,-1,-1,,False,0.028824492547173654,6,,9095,6,slow,6,
,-1,-1,,False,0.02107760883006194,6,,9096,6,slow,9,
,-1,-1,,False,0.027199202278522017,6,,9097,6,slow,10,
,-1,-1,,False,0.03353856083008854,6,,9098,6,slow,4,
,-1,-1,,False,0.020965802093882577,6,,9099,6,slow,6,
,-1,-1,,False,0.022129755054602917,6,,9100,6,slow,7,
,-1,-1,,False,0.01495429432238025,6,,9101,6,slow,6,
,-1,-1,,False,0.03833684341224642,5,,9102,6,slow,6,
,-1,-1,,False,0.027083610003557947,6,,9103,6,slow,6,
,-1,-1,,False,0.012860505582805468,6,,9104,6,slow,6,
,-1,-1,,False,0.015701107111194924,6,,9105,6,slow,8,
,-1,-1,,False,0.01445946445659964,6,,9106,6,slow,8,
,-1,-1,,False,0.0235914030801391,6,,9107,6,slow,6,
,-1,-1,,False,0.017212643647749933,6,,9108,6,slow,8,
,-1,-1,,False,0.014146746570481138,6,,9109,6,slow,6,
,-1,-1,,False,0.0198924835955914,6,,9110,6,slow,8,
,-1,-1,,False,0.016240282318466668,6,,9111,6,slow,7,
,-1,-1,,False,0.034895759852057034,6,,9112,6,slow,4,
,-1,-1,,False,0.03175134028689996,5,,9113,6,slow,6,
,-1,-1,,False,0.01309990700816661,6,,9114,6,slow,6,
,-1,-1,,False,0.031233286463367302,6,,9115,6,slow,6,
,-1,-1,,False,0.016041749427994745,6,,9116,6,slow,6,
,-1,-1,,False,0.04600473583914323,5,,9117,6,slow,4,
,-1,-1,,False,0.026122654998834392,6,,9118,6,slow,7,
,-1,-1,,False,0.024755880099636526,6,,9119,6,slow,6,
,-1,-1,,False,0.018087187004949188,6,,9120,6,slow,6,
,-1,-1,,False,0.014263518100737442,6,,9121,6,slow,8,
,-1,-1,,False,0.025826812310808828,6,,9122,6,slow,10,
,-1,-1,,False,0.02147286116309293,6,,9123,6,slow,7,
,-1,-1,,False,0.01582294643667973,6,,9124,6,slow,7,
,-1,-1,,False,0.021147288907185115,6,,9125,6,slow,7,
,-1,-1,,False,0.008664017604171003,6,,9126,6,slow,5,
,-1,-1,,False,0.017222856431213796,6,,9127,6,slow,10,
,-1,-1,,False,0.01853454998225991,6,,9128,6,slow,9,
,-1,-1,,False,0.01777403848299752,6,,9129,6,slow,8,
,-1,-1,,False,0.014411864518838816,6,,9130,6,slow,8,
,-1,-1,,False,0.02554201843221057,6,,9131,6,slow,12,
,-1,-1,,False,0.033950199330593754,6,,9132,6,slow,8,
,-1,-1,,False,0.01723786506437754,6,,9133,6,slow,5,
,-1,-1,,False,0.03629317750672735,5,,9134,6,slow,7,
,-1,-1,,False,0.021132116380011546,6,,9135,6,slow,8,
,-1,-1,,False,0.014520034634742126,6,,9136,6,slow,7,
,-1,-1,,False,0.01356917619622427,6,,9137,6,slow,8,
,-1,-1,,False,0.015124200469268247,6,,9138,6,slow,5,
,-1,-1,,False,0.021904782813475493,6,,9139,6,slow,8,
,-1,-1,,False,0.019487991402954728,6,,9140,6,slow,10,
,-1,-1,,False,0.01654810909808597,6,,9141,6,slow,7,
,-1,-1,,False,0.01667323883880779,6,,9142,6,slow,6,
,-1,-1,,False,0.018233126989741184,6,,9143,6,slow,8,
,-1,-1,,False,0.01987185972707382,6,,9144,6,slow,8,
,-1,-1,,False,0.029891598729497783,6,,9145,6,slow,8,
,-1,-1,,False,0.016860631902347573,6,,9146,6,slow,6,
,-1,-1,,False,0.018727858822792265,6,,9147,6,slow,8,
,-1,-1,,False,0.029706151245398407,6,,9148,6,slow,10,
,-1,-1,,False,0.022483946592037705,6,,9149,6,slow,8,
,-1,-1,,False,0.028636197564712702,10,,9000,10,fast,11,
,-1,-1,,False,0.03988565016688232,10,,9001,10,fast,10,
,-1,-1,,False,0.016036943221112474,10,,9002,10,fast,10,
,-1,-1,,False,0.1365724155340963,9,,9003,10,fast,12,
,-1,-1,,False,0.07358496432529434,10,,9004,10,fast,11,
,-1,-1,,False,0.01757447492181672,10,,9005,10,fast,12,
,-1,-1,,False,0.034962613419667055,10,,9006,10,fast,13,
,-1,-1,,False,0.04935240257574526,10,,9007,10,fast,14,
,-1,-1,,False,0.016553208836226133,10,,9008,10,fast,10,
,-1,-1,,False,0.058610105301834636,10,,9009,10,fast,13,
,-1,-1,,False,0.04527065892516428,10,,9010,10,fast,12,
,-1,-1,,False,0.1191480499945795,10,,9011,10,fast,14,
,-1,-1,,False,0.030653034175159286,10,,9012,10,fast,12,
,-1,-1,,False,0.05748003079401182,10,,9013,10,fast,13,
,-1,-1,,False,0.042571007399916594,10,,9014,10,fast,12,
,-1,-1,,False,0.027583075084816555,10,,9015,10,fast,15,
,-1,-1,,False,0.057632276054730425,10,,9016,10,fast,12,
,-1,-1,,False,0.06284628313044784,10,,9017,10,fast,14,
,-1,-1,,False,0.05479127079336955,10,,9018,10,fast,13,
,-1,-1,,False,0.1031554643260522,10,,9019,10,fast,10,
,-1,-1,,False,0.016271853963096227,10,,9020,10,fast,11,
,-1,-1,,False,0.03753719822173208,10,,9021,10,fast,8,
,-1,-1,,False,0.028152789845585283,10,,9022,10,fast,13,
,-1,-1,,False,0.05396343588711574,10,,9023,10,fast,13,
,-1,-1,,False,0.053059704838027924,10,,9024,10,fast,14,
,-1,-1,,False,0.11940572819460023,9,,9025,10,fast,13,
,-1,-1,,False,0.07402058665122936,10,,9026,10,fast,14,
,-1,-1,,False,0.04044282689432785,9,,9027,10,fast,10,
,-1,-1,,False,0.030016880130999807,10,,9028,10,fast,11,
,-1,-1,,False,0.06387998682369345,10,,9029,10,fast,13,
,-1,-1,,False,0.04263908202432739,10,,9030,10,fast,11,
,-1,-1,,False,0.06288810194074512,10,,9031,10,fast,9,
,-1,-1,,False,0.04310879279189663,9,,9032,10,fast,14,
,-1,-1,,False,0.03343164409108148,10,,9033,10,fast,12,
,-1,-1,,False,0.12095119311415942,8,,9034,10,fast,10,
,-1,-1,,False,0.16029933217375106,9,,9035,10,fast,16,
,-1,-1,,False,0.03736712025224322,10,,9036,10,fast,12,
,-1,-1,,False,0.13479006330912996,10,,9037,10,fast,12,
,-1,-1,,False,0.03352436714673544,9,,9038,10,fast,11,
,-1,-1,,False,0.07872299453400447,10,,9039,10,fast,15,
,-1,-1,,False,0.03352665154423263,10,,9040,10,fast,12,
,-1,-1,,False,0.020594757441112922,10,,9041,10,fast,12,
,-1,-1,,False,0.029683561576935562,10,,9042,10,fast,11,
,-1,-1,,False,0.1078057416955667,10,,9043,10,fast,15,
,-1,-1,,False,0.060076082874586906,10,,9044,10,fast,16,
,-1,-1,,False,0.012333231442828729,10,,9045,10,fast,9,
,-1,-1,,False,0.04308174521501709,10,,9046,10,fast,12,
,-1,-1,,False,0.05170446643522254,10,,9047,10,fast,12,
,-1,-1,,False,0.03959810148410823,10,,9048,10,fast,12,
,-1,-1,,False,0.17707523389906218,9,,9049,10,fast,14,
,-1,-1,,False,0.022443354382177923,10,,9050,10,fast,12,
,-1,-1,,False,0.029850338075694968,10,,9051,10,fast,12,
,-1,-1,,False,0.1296064487018303,10,,9052,10,fast,15,
,-1,-1,,False,0.16271836503004847,9,,9053,10,fast,16,
,-1,-1,,False,0.0278995431717554,10,,9054,10,fast,13,
,-1,-1,,False,0.08450666289544571,9,,9055,10,fast,14,
,-1,-1,,False,0.030583701356119902,9,,9056,10,fast,10,
,-1,-1,,False,0.044006106020390304,10,,9057,10,fast,10,
,-1,-1,,False,0.05942931570706497,10,,9058,10,fast,14,
,-1,-1,,False,0.0274441445618676,10,,9059,10,fast,13,
,-1,-1,,False,0.03161474475052382,10,,9060,10,fast,14,
,-1,-1,,False,0.03577857451411259,10,,9061,10,fast,14,
,-1,-1,,False,0.10078116085081533,10,,9062,10,fast,8,
,-1,-1,,False,0.059483037030484964,10,,9063,10,fast,14,
,-1,-1,,False,0.024337618130139623,9,,9064,10,fast,8,
,-1,-1,,False,0.1679445310338726,9,,9065,10,fast,12,
,-1,-1,,False,0.03604841967389868,10,,9066,10,fast,14,
,-1,-1,,False,0.04399166338499499,10,,9067,10,fast,12,
,-1,-1,,False,0.015950615908013083,10,,9068,10,fast,10,
,-1,-1,,False,0.07694348871911319,10,,9069,10,fast,12,
,-1,-1,,False,0.0364324284408305,10,,9070,10,fast,11,
,-1,-1,,False,0.02584725129123278,10,,9071,10,fast,13,
,-1,-1,,False,0.08256106494549056,10,,9072,10,fast,11,
,-1,-1,,False,0.047399276805333644,10,,9073,10,fast,12,
,-1,-1,,False,0.03667134878640589,10,,9074,10,fast,12,
,-1,-1,,False,0.026855900310988716,10,,9075,10,fast,10,
,-1,-1,,False,0.02648014275792202,10,,9076,10,fast,12,
,-1,-1,,False,0.19992781001206844,9,,9077,10,fast,16,
,-1,-1,,False,0.06609373283355452,10,,9078,10,fast,13,
,-1,-1,,False,0.05578772341542933,10,,9079,10,fast,12,
,-1,-1,,False,0.024114480091617325,10,,9080,10,fast,12,
,-1,-1,,False,0.060137858328164345,10,,9081,10,fast,11,
,-1,-1,,False,0.03136912634978229,10,,9082,10,fast,14,
,-1,-1,,False,0.09309083994579263,10,,9083,10,fast,12,
,-1,-1,,False,0.03897591354618476,10,,9084,10,fast,13,
,-1,-1,,False,0.08248127980433773,10,,9085,10,fast,14,
,-1,-1,,False,0.10734478170505656,10,,9086,10,fast,13,
,-1,-1,,False,0.06205389850314477,10,,9087,10,fast,14,
,-1,-1,,False,0.01830667761371642,10,,9088,10,fast,9,
,-1,-1,,False,0.028369297087536535,10,,9089,10,fast,14,
,-1,-1,,False,0.03796339483291017,10,,9090,10,fast,13,
,-1,-1,,False,0.0498898942165218,10,,9091,10,fast,11,
,-1,-1,,False,0.10788075902458877,10,,9092,10,fast,10,
,-1,-1,,False,0.027111329587727998,10,,9093,10,fast,10,
,-1,-1,,False,0.12020800332585188,9,,9094,10,fast,14,
,-1,-1,,False,0.027750888466998174,10,,9095,10,fast,13,
,-1,-1,,False,0.02782354623818367,10,,9096,10,fast,15,
,-1,-1,,False,0.11189159837035768,10,,9097,10,fast,16,
,-1,-1,,False,0.0681654721148245,9,,9098,10,fast,9,
,-1,-1,,False,0.037929444684863145,10,,9099,10,fast,11,
,-1,-1,,False,0.0407250343183087,10,,9100,10,fast,12,
,-1,-1,,False,0.042489568142491115,10,,9101,10,fast,14,
,-1,-1,,False,0.17139376648687776,9,,9102,10,fast,13,
,-1,-1,,False,0.08597114197071597,10,,9103,10,fast,10,
,-1,-1,,False,0.027475468140402918,10,,9104,10,fast,12,
,-1,-1,,False,0.028892253346551756,10,,9105,10,fast,12,
,-1,-1,,False,0.025081134511360372,10,,9106,10,fast,13,
,-1,-1,,False,0.026385546672489064,10,,9107,10,fast,12,
,-1,-1,,False,0.08759478031618871,10,,9108,10,fast,12,
,-1,-1,,False,0.017572645260720256,10,,9109,10,fast,11,
,-1,-1,,False,0.15967973178746922,10,,9110,10,fast,14,
,-1,-1,,False,0.019949803746621888,10,,9111,10,fast,11,
,-1,-1,,False,0.04847727890589161,10,,9112,10,fast,6,
,-1,-1,,False,0.046179721013382496,9,,9113,10,fast,10,
,-1,-1,,False,0.04031935189542949,9,,9114,10,fast,6,
,-1,-1,,False,0.04743486846408263,9,,9115,10,fast,10,
,-1,-1,,False,0.02480523746310091,10,,9116,10,fast,11,
,-1,-1,,False,0.039311074573499326,8,,9117,10,fast,10,
,-1,-1,,False,0.02501170715967118,10,,9118,10,fast,12,
,-1,-1,,False,0.04029176438073837,9,,9119,10,fast,13,
,-1,-1,,False,0.02631721162975986,10,,9120,10,fast,12,
,-1,-1,,False,0.03623552906595715,9,,9121,10,fast,12,
,-1,-1,,False,0.034971700008010365,10,,9122,10,fast,18,
,-1,-1,,False,0.03302513465270175,10,,9123,10,fast,10,
,-1,-1,,False,0.02558614248899978,10,,9124,10,fast,13,
,-1,-1,,False,0.09381219569255181,10,,9125,10,fast,9,
,-1,-1,,False,0.011390759361666593,10,,9126,10,fast,10,
,-1,-1,,False,0.030627476602854597,10,,9127,10,fast,15,
,-1,-1,,False,0.09421956595339322,10,,9128,10,fast,11,
,-1,-1,,False,0.13137007471683293,9,,9129,10,fast,13,
,-1,-1,,False,0.027594849589854822,10,,9130,10,fast,13,
,-1,-1,,False,0.1076102026207579,10,,9131,10,fast,20,
,-1,-1,,False,0.1977450525650805,9,,9132,10,fast,8,
,-1,-1,,False,0.023120830289443846,10,,9133,10,fast,10,
,-1,-1,,False,0.042030612940640526,10,,9134,10,fast,14,
,-1,-1,,False,0.06638596222721921,10,,9135,10,fast,14,
,-1,-1,,False,0.0981078641634115,10,,9136,10,fast,12,
,-1,-1,,False,0.08630986193812597,10,,9137,10,fast,12,
,-1,-1,,False,0.021022033841831246,10,,9138,10,fast,11,
,-1,-1,,False,0.032228162242074046,10,,9139,10,fast,12,
,-1,-1,,False,0.03396378408985069,10,,9140,10,fast,14,
,-1,-1,,False,0.08060643284323371,10,,9141,10,fast,14,
,-1,-1,,False,0.021664754235092693,10,,9142,10,fast,12,
,-1,-1,,False,0.052058914329904796,10,,9143,10,fast,14,
,-1,-1,,False,0.024038848949608692,10,,9144,10,fast,12,
,-1,-1,,False,0.0781043286075677,10,,9145,10,fast,12,
,-1,-1,,False,0.022584601371671537,10,,9146,10,fast,10,
,-1,-1,,False,0.018930196241730955,10,,9147,10,fast,13,
,-1,-1,,False,0.04168049773187979,10,,9148,10,fast,15,
,-1,-1,,False,0.06275163137264164,10,,9149,10,fast,12,
,-1,-1,,False,0.016420766820403495,6,,9000,6,turns,8,
,-1,-1,,False,0.01516791961481968,6,,9001,6,turns,6,
,-1,-1,,False,0.017912843113750732,6,,9002,6,turns,8,
,-1,-1,,False,0.02316515739805382,6,,9003,6,turns,7,
,-1,-1,,False,0.024970064530141594,6,,9004,6,turns,7,
,-1,-1,,False,0.01690137796342386,6,,9005,6,turns,7,
,-1,-1,,False,0.01801912369904608,6,,9006,6,turns,7,
,-1,-1,,False,0.016002004035054446,6,,9007,6,turns,7,
,-1,-1,,False,0.025474073777733697,6,,9008,6,turns,8,
,-1,-1,,False,0.013816530665350258,6,,9009,6,turns,8,
,-1,-1,,False,0.019224059816458652,6,,9010,6,turns,7,
,-1,-1,,False,0.019396954169622043,6,,9011,6,turns,8,
,-1,-1,,False,0.018263227024836414,6,,9012,6,turns,8,
,-1,-1,,False,0.02017772428378605,6,,9013,6,turns,8,
,-1,-1,,False,0.029921275297807602,6,,9014,6,turns,6,
,-1,-1,,False,0.032679051215640825,6,,9015,6,turns,6,
,-1,-1,,False,0.015029437800136694,6,,9016,6,turns,8,
,-1,-1,,False,0.022021242032921176,6,,9017,6,turns,8,
,-1,-1,,False,0.020622644865064207,6,,9018,6,turns,8,
,-1,-1,,False,0.05390819527954602,6,,9019,6,turns,6,
,-1,-1,,False,0.01697618810859304,6,,9020,6,turns,7,
,-1,-1,,False,0.023875430712337633,6,,9021,6,turns,10,
,-1,-1,,False,0.04372021123585917,6,,9022,6,turns,4,
,-1,-1,,False,0.02162448770401376,6,,9023,6,turns,7,
,-1,-1,,False,0.023993853244598948,6,,9024,6,turns,7,
,-1,-1,,False,0.030389886280779876,6,,9025,6,turns,9,
,-1,-1,,False,0.03824928989772593,6,,9026,6,turns,6,
,-1,-1,,False,0.03586029804297995,5,,9027,6,turns,4,
,-1,-1,,False,0.016612125064910364,6,,9028,6,turns,9,
,-1,-1,,False,0.030525131718772525,6,,9029,6,turns,6,
,-1,-1,,False,0.012683594718530453,6,,9030,6,turns,7,
,-1,-1,,False,0.015629292872401467,6,,9031,6,turns,6,
,-1,-1,,False,0.028724601582023782,6,,9032,6,turns,6,
,-1,-1,,False,0.012807312883640377,6,,9033,6,turns,7,
,-1,-1,,False,0.02640997148721181,6,,9034,6,turns,7,
,-1,-1,,False,0.03761249089012328,6,,9035,6,turns,8,
,-1,-1,,False,0.02425522579072352,6,,9036,6,turns,8,
,-1,-1,,False,0.036015450964050656,5,,9037,6,turns,8,
,-1,-1,,False,0.02164780524080184,6,,9038,6,turns,6,
,-1,-1,,False,0.027691274728986373,6,,9039,6,turns,10,
,-1,-1,,False,0.020142459375355973,6,,9040,6,turns,8,
,-1,-1,,False,0.02183010382740457,6,,9041,6,turns,7,
,-1,-1,,False,0.021892562135549902,6,,9042,6,turns,8,
,-1,-1,,False,0.02224999493176032,6,,9043,6,turns,8,
,-1,-1,,False,0.033327620580672006,6,,9044,6,turns,6,
,-1,-1,,False,0.017250660029715897,6,,9045,6,turns,6,
,-1,-1,,False,0.016754492279857067,6,,9046,6,turns,7,
,-1,-1,,False,0.01512933910591114,6,,9047,6,turns,7,
,-1,-1,,False,0.01983758236259404,6,,9048,6,turns,8,
,-1,-1,,False,0.024581534353843856,6,,9049,6,turns,12,
,-1,-1,,False,0.01765509186394336,6,,9050,6,turns,10,
,-1,-1,,False,0.019111713218484868,6,,9051,6,turns,10,
,-1,-1,,False,0.025961017572007694,6,,9052,6,turns,8,
,-1,-1,,False,0.010225615748309422,6,,9053,6,turns,8,
,-1,-1,,False,0.019022662150840947,6,,9054,6,turns,6,
,-1,-1,,False,0.02727448408030022,6,,9055,6,turns,8,
,-1,-1,,False,0.01570877910654478,6,,9056,6,turns,7,
,-1,-1,,False,0.008677866281938396,6,,9057,6,turns,5,
,-1,-1,,False,0.03608421599932843,5,,9058,6,turns,8,
,-1,-1,,False,0.02406521076901192,6,,9059,6,turns,7,
,-1,-1,,False,0.01336824352064189,6,,9060,6,turns,6,
,-1,-1,,False,0.02074048507462133,6,,9061,6,turns,10,
,-1,-1,,False,0.030406849415235335,6,,9062,6,turns,9,
,-1,-1,,False,0.01952383898308439,6,,9063,6,turns,8,
,-1,-1,,False,0.02054155550217217,6,,9064,6,turns,6,
,-1,-1,,False,0.04052526049681281,6,,9065,6,turns,5,
,-1,-1,,False,0.020378668757992813,6,,9066,6,turns,8,
,-1,-1,,False,0.023713557711659835,6,,9067,6,turns,7,
,-1,-1,,False,0.015724377138345597,6,,9068,6,turns,8,
,-1,-1,,False,0.02636933932256251,6,,9069,6,turns,7,
,-1,-1,,False,0.024854765278876336,6,,9070,6,turns,7,
,-1,-1,,False,0.013010060978455472,6,,9071,6,turns,6,
,-1,-1,,False,0.04094915389338832,5,,9072,6,turns,8,
,-1,-1,,False,0.009397734264561237,6,,9073,6,turns,5,
,-1,-1,,False,0.022699235970309175,6,,9074,6,turns,7,
,-1,-1,,False,0.016554525318913806,6,,9075,6,turns,8,
,-1,-1,,False,0.015571817191553029,6,,9076,6,turns,6,
,-1,-1,,False,0.023541680943127623,6,,9077,6,turns,10,
,-1,-1,,False,0.020972415601219145,6,,9078,6,turns,7,
,-1,-1,,False,0.03006001000469304,6,,9079,6,turns,6,
,-1,-1,,False,0.013049616775454858,6,,9080,6,turns,6,
,-1,-1,,False,0.02077510531682667,6,,9081,6,turns,8,
,-1,-1,,False,0.02423005354783791,6,,9082,6,turns,6,
,-1,-1,,False,0.04889901532693318,5,,9083,6,turns,5,
,-1,-1,,False,0.031944213720968784,6,,9084,6,turns,8,
,-1,-1,,False,0.027123910877369817,5,,9085,6,turns,8,
,-1,-1,,False,0.04337326349315231,6,,9086,6,turns,8,
,-1,-1,,False,0.022388866313125602,6,,9087,6,turns,8,
,-1,-1,,False,0.012830446612764546,6,,9088,6,turns,6,
,-1,-1,,False,0.03400420251600002,6,,9089,6,turns,6,
,-1,-1,,False,0.03824433381409384,6,,9090,6,turns,6,
,-1,-1,,False,0.013796293202206086,6,,9091,6,turns,6,
,-1,-1,,False,0.04346239250111678,5,,9092,6,turns,6,
,-1,-1,,False,0.010307681041818749,5,,9093,6,turns,6,
,-1,-1,,False,0.03211558844492977,6,,9094,6,turns,9,
,-1,-1,,False,0.012397401035167394,6,,9095,6,turns,6,
,-1,-1,,False,0.030595732368929672,6,,9096,6,turns,8,
,-1,-1,,False,0.018947578596530127,6,,9097,6,turns,10,
,-1,-1,,False,0.018804112629726807,6,,9098,6,turns,6,
,-1,-1,,False,0.02305144617645796,6,,9099,6,turns,5,
,-1,-1,,False,0.02274450694140318,6,,9100,6,turns,6,
,-1,-1,,False,0.02132637019602475,6,,9101,6,turns,8,
,-1,-1,,False,0.02316110799785587,6,,9102,6,turns,8,
walk->stand,2,36,stand,True,,2,tilt,9103,6,turns,4,stand
,-1,-1,,False,0.02806591886163908,6,,9104,6,turns,10,
,-1,-1,,False,0.03181989433103321,5,,9105,6,turns,6,
,-1,-1,,False,0.0230885433761895,6,,9106,6,turns,6,
,-1,-1,,False,0.019446874561068205,6,,9107,6,turns,6,
,-1,-1,,False,0.01327037199394931,6,,9108,6,turns,8,
,-1,-1,,False,0.02550760715612948,6,,9109,6,turns,5,
,-1,-1,,False,0.035948291150652525,6,,9110,6,turns,6,
,-1,-1,,False,0.025227336699785947,6,,9111,6,turns,6,
,-1,-1,,False,0.023171612967492376,6,,9112,6,turns,5,
,-1,-1,,False,0.03379413150850103,6,,9113,6,turns,6,
,-1,-1,,False,0.024323065007990946,6,,9114,6,turns,6,
,-1,-1,,False,0.02333119705196839,6,,9115,6,turns,8,
,-1,-1,,False,0.0227914918344088,6,,9116,6,turns,9,
,-1,-1,,False,0.03586142144244038,6,,9117,6,turns,6,
,-1,-1,,False,0.03312741666022813,6,,9118,6,turns,6,
,-1,-1,,False,0.02760013026760029,6,,9119,6,turns,8,
,-1,-1,,False,0.03244497567303618,6,,9120,6,turns,8,
,-1,-1,,False,0.027383732436535708,6,,9121,6,turns,5,
,-1,-1,,False,0.01892797246351005,6,,9122,6,turns,8,
,-1,-1,,False,0.01817429585364451,6,,9123,6,turns,8,
,-1,-1,,False,0.016377152345905983,6,,9124,6,turns,6,
,-1,-1,,False,0.01723280081106809,6,,9125,6,turns,9,
,-1,-1,,False,0.014272629514111455,6,,9126,6,turns,8,
,-1,-1,,False,0.007692199677428435,6,,9127,6,turns,6,
,-1,-1,,False,0.023341208905535316,6,,9128,6,turns,10,
,-1,-1,,False,0.02311679896466811,6,,9129,6,turns,10,
,-1,-1,,False,0.026829571976968336,6,,9130,6,turns,6,
,-1,-1,,False,0.02192278803953146,6,,9131,6,turns,8,
,-1,-1,,False,0.016389470232118553,6,,9132,6,turns,7,
,-1,-1,,False,0.024646218007894162,6,,9133,6,turns,7,
,-1,-1,,False,0.021602713734700654,6,,9134,6,turns,8,
,-1,-1,,False,0.012110685159225818,6,,9135,6,turns,8,
,-1,-1,,False,0.015271597995028101,6,,9136,6,turns,7,
,-1,-1,,False,0.011015666871594493,6,,9137,6,turns,6,
,-1,-1,,False,0.017591812909884146,6,,9138,6,turns,8,
,-1,-1,,False,0.022422417535236095,6,,9139,6,turns,8,
,-1,-1,,False,0.022790882479365924,6,,9140,6,turns,7,
,-1,-1,,False,0.014599548204860605,6,,9141,6,turns,8,
,-1,-1,,False,0.009736554891439177,6,,9142,6,turns,5,
,-1,-1,,False,0.022711166624055944,6,,9143,6,turns,8,
,-1,-1,,False,0.03390271386854285,6,,9144,6,turns,6,
,-1,-1,,False,0.025796563415984984,6,,9145,6,turns,6,
,-1,-1,,False,0.028951840346866622,6,,9146,6,turns,10,
,-1,-1,,False,0.014287018114297384,6,,9147,6,turns,6,
,-1,-1,,False,0.023790880749658624,6,,9148,6,turns,7,
,-1,-1,,False,0.018663071753705997,6,,9149,6,turns,7,
