speed_cmd,freq_hz,swing_frac,lift_m,thrust_m,falls_of_3,mean_seconds_before_fall,vx_reached,flight_share,feet_down,torque_saturation,peak_joint_speed
1.5000,3.0000,0.5000,0.0800,0.0000,0.0000,10.0000,1.7261,0.0000,2.4200,0.0000,11.4400
1.5000,3.0000,0.5000,0.0800,0.0200,0.0000,10.0000,1.7913,0.1833,1.6000,0.0000,11.6686
1.5000,3.0000,0.5000,0.0800,0.0400,0.0000,10.0000,1.4427,0.2700,1.2908,0.0244,12.2092
1.5000,3.0000,0.5000,0.0800,0.0600,1.0000,6.9600,1.0314,0.3250,1.1663,0.0428,12.2953
1.5000,3.0000,0.5000,0.1200,0.0000,0.0000,10.0000,1.7330,0.0000,2.2258,0.0489,11.7989
1.5000,3.0000,0.5000,0.1200,0.0200,0.0000,10.0000,1.7799,0.2067,1.4550,0.0468,12.1619
1.5000,3.0000,0.5000,0.1200,0.0400,0.0000,10.0000,1.3177,0.2283,1.3158,0.0845,12.6499
1.5000,3.0000,0.5000,0.1200,0.0600,0.0000,10.0000,0.8303,0.2725,1.1450,0.1025,12.7544
1.5000,3.0000,0.5500,0.0800,0.0000,0.0000,10.0000,1.6136,0.0000,2.2117,0.0000,9.8445
1.5000,3.0000,0.5500,0.0800,0.0200,0.0000,10.0000,1.6285,0.0000,1.7792,0.0017,9.9928
1.5000,3.0000,0.5500,0.0800,0.0400,0.0000,10.0000,1.3451,0.2650,1.2875,0.0281,10.5356
1.5000,3.0000,0.5500,0.0800,0.0600,0.0000,10.0000,0.9267,0.2692,1.2117,0.0481,10.8951
1.5000,3.0000,0.5500,0.1200,0.0000,0.0000,10.0000,1.5868,0.0000,2.0258,0.0065,11.5852
1.5000,3.0000,0.5500,0.1200,0.0200,0.0000,10.0000,1.5716,0.0650,1.5900,0.0075,11.7427
1.5000,3.0000,0.5500,0.1200,0.0400,0.0000,10.0000,1.1587,0.0967,1.3617,0.0464,12.2435
1.5000,3.0000,0.5500,0.1200,0.0600,0.0000,10.0000,0.8401,0.2550,1.1492,0.0599,12.2592
1.5000,3.0000,0.6000,0.0800,0.0000,0.0000,10.0000,1.4666,0.0000,2.1742,0.0030,8.1741
1.5000,3.0000,0.6000,0.0800,0.0200,0.0000,10.0000,1.4461,0.0000,1.8117,0.0051,8.2626
1.5000,3.0000,0.6000,0.0800,0.0400,0.0000,10.0000,1.2514,0.1467,1.3775,0.0276,8.4090
1.5000,3.0000,0.6000,0.0800,0.0600,0.0000,10.0000,0.8780,0.1817,1.3808,0.0500,11.5333
1.5000,3.0000,0.6000,0.1200,0.0000,0.0000,10.0000,0.5624,0.0008,1.7575,0.0453,11.7122
1.5000,3.0000,0.6000,0.1200,0.0200,0.0000,10.0000,1.3774,0.0375,1.5867,0.0162,11.2568
1.5000,3.0000,0.6000,0.1200,0.0400,0.0000,10.0000,1.1281,0.0617,1.4225,0.0438,11.1723
1.5000,3.0000,0.6000,0.1200,0.0600,0.0000,10.0000,0.5283,0.1483,1.3050,0.0608,12.0890
1.5000,3.0000,0.6500,0.0800,0.0000,0.0000,10.0000,1.2901,0.0000,2.0992,0.0129,6.7814
1.5000,3.0000,0.6500,0.0800,0.0200,0.0000,10.0000,1.3016,0.0000,1.8158,0.0047,6.9075
1.5000,3.0000,0.6500,0.0800,0.0400,0.0000,10.0000,1.0973,0.0000,1.5867,0.0271,7.4718
1.5000,3.0000,0.6500,0.0800,0.0600,0.0000,10.0000,0.8252,0.0450,1.6492,0.0501,12.1677
1.5000,3.0000,0.6500,0.1200,0.0000,0.0000,10.0000,0.5456,0.0175,1.7500,0.0412,11.0411
1.5000,3.0000,0.6500,0.1200,0.0200,0.0000,10.0000,1.0024,0.0408,1.6033,0.0209,11.2909
1.5000,3.0000,0.6500,0.1200,0.0400,0.0000,10.0000,0.8805,0.0058,1.4733,0.0492,11.2012
1.5000,3.0000,0.6500,0.1200,0.0600,0.0000,10.0000,0.4709,0.0717,1.4275,0.0606,12.3390
1.5000,3.5000,0.5000,0.0800,0.0000,0.0000,10.0000,1.6319,0.0000,2.4700,0.0000,11.3414
1.5000,3.5000,0.5000,0.0800,0.0200,0.0000,10.0000,1.6926,0.0042,1.9625,0.0000,11.5551
1.5000,3.5000,0.5000,0.0800,0.0400,0.0000,10.0000,1.3596,0.2550,1.3267,0.0224,12.0312
1.5000,3.5000,0.5000,0.0800,0.0600,0.0000,10.0000,0.9682,0.3450,1.1675,0.0353,12.1215
1.5000,3.5000,0.5000,0.1200,0.0000,0.0000,10.0000,1.6313,0.0000,2.2517,0.0522,11.7272
1.5000,3.5000,0.5000,0.1200,0.0200,0.0000,10.0000,1.6897,0.0017,1.7250,0.0467,12.0506
1.5000,3.5000,0.5000,0.1200,0.0400,0.0000,10.0000,1.2690,0.2325,1.3033,0.0818,12.5083
1.5000,3.5000,0.5000,0.1200,0.0600,0.0000,10.0000,0.7953,0.2717,1.1917,0.0998,12.5534
1.5000,3.5000,0.5500,0.0800,0.0000,0.0000,10.0000,1.5381,0.0000,2.3317,0.0000,9.8483
1.5000,3.5000,0.5500,0.0800,0.0200,0.0000,10.0000,1.5384,0.0000,1.9283,0.0000,9.9508
1.5000,3.5000,0.5500,0.0800,0.0400,0.0000,10.0000,1.2643,0.1917,1.3808,0.0251,10.3172
1.5000,3.5000,0.5500,0.0800,0.0600,0.0000,10.0000,0.8443,0.2342,1.3225,0.0482,11.7223
1.5000,3.5000,0.5500,0.1200,0.0000,0.0000,10.0000,1.5655,0.0000,2.0750,0.0003,11.4063
1.5000,3.5000,0.5500,0.1200,0.0200,0.0000,10.0000,1.5504,0.0033,1.6433,0.0001,11.5926
1.5000,3.5000,0.5500,0.1200,0.0400,0.0000,10.0000,1.1322,0.1075,1.4183,0.0431,11.9221
1.5000,3.5000,0.5500,0.1200,0.0600,0.0000,10.0000,0.7192,0.1650,1.3242,0.0660,12.0420
1.5000,3.5000,0.6000,0.0800,0.0000,0.0000,10.0000,1.3809,0.0000,2.2325,0.0024,8.2400
1.5000,3.5000,0.6000,0.0800,0.0200,0.0000,10.0000,1.3775,0.0000,1.9292,0.0000,8.3044
1.5000,3.5000,0.6000,0.0800,0.0400,0.0000,10.0000,1.1534,0.0017,1.6867,0.0283,9.2176
1.5000,3.5000,0.6000,0.0800,0.0600,0.0000,10.0000,0.7702,0.1025,1.6125,0.0523,12.4813
1.5000,3.5000,0.6000,0.1200,0.0000,0.0000,10.0000,1.4510,0.0000,1.9533,0.0025,9.9158
1.5000,3.5000,0.6000,0.1200,0.0200,0.0000,10.0000,1.3840,0.0000,1.6525,0.0016,9.9854
1.5000,3.5000,0.6000,0.1200,0.0400,0.0000,10.0000,0.9895,0.0158,1.5258,0.0490,11.5445
1.5000,3.5000,0.6000,0.1200,0.0600,0.0000,10.0000,0.6263,0.0392,1.5408,0.0665,12.5651
1.5000,3.5000,0.6500,0.0800,0.0000,0.0000,10.0000,1.2198,0.0000,2.1700,0.0063,7.0827
1.5000,3.5000,0.6500,0.0800,0.0200,0.0000,10.0000,1.2495,0.0000,1.9208,0.0000,6.9601
1.5000,3.5000,0.6500,0.0800,0.0400,0.0000,10.0000,0.9859,0.0000,1.7325,0.0287,8.1906
1.5000,3.5000,0.6500,0.0800,0.0600,0.0000,10.0000,0.6860,0.0217,1.8667,0.0502,13.1883
1.5000,3.5000,0.6500,0.1200,0.0000,0.0000,10.0000,1.2980,0.0000,1.8533,0.0067,8.5528
1.5000,3.5000,0.6500,0.1200,0.0200,0.0000,10.0000,1.1943,0.0033,1.6058,0.0038,9.1619
1.5000,3.5000,0.6500,0.1200,0.0400,0.0000,10.0000,0.8330,0.0000,1.5592,0.0515,11.1832
1.5000,3.5000,0.6500,0.1200,0.0600,0.0000,10.0000,0.4830,0.0100,1.5967,0.0655,13.0355
1.5000,4.0000,0.5000,0.0800,0.0000,0.0000,10.0000,1.5172,0.0000,2.5033,0.0000,11.2332
1.5000,4.0000,0.5000,0.0800,0.0200,0.0000,10.0000,1.5765,0.0000,2.0408,0.0000,11.4074
1.5000,4.0000,0.5000,0.0800,0.0400,0.0000,10.0000,1.2865,0.2208,1.4442,0.0185,11.6805
1.5000,4.0000,0.5000,0.0800,0.0600,0.0000,10.0000,0.8545,0.3392,1.2108,0.0365,11.9473
1.5000,4.0000,0.5000,0.1200,0.0000,0.0000,10.0000,1.4951,0.0000,2.2467,0.0526,12.4145
1.5000,4.0000,0.5000,0.1200,0.0200,0.0000,10.0000,1.5604,0.0000,1.8042,0.0467,12.3325
1.5000,4.0000,0.5000,0.1200,0.0400,0.0000,10.0000,1.1975,0.1892,1.3967,0.0753,12.4725
1.5000,4.0000,0.5000,0.1200,0.0600,0.0000,10.0000,0.7958,0.3267,1.1517,0.0912,12.4731
1.5000,4.0000,0.5500,0.0800,0.0000,0.0000,10.0000,1.4412,0.0000,2.3808,0.0000,9.8097
1.5000,4.0000,0.5500,0.0800,0.0200,0.0000,10.0000,1.4652,0.0000,1.9642,0.0000,9.8646
1.5000,4.0000,0.5500,0.0800,0.0400,0.0000,10.0000,1.1819,0.0692,1.6492,0.0254,10.0454
1.5000,4.0000,0.5500,0.0800,0.0600,0.0000,10.0000,0.7702,0.2383,1.3817,0.0413,12.5539
1.5000,4.0000,0.5500,0.1200,0.0000,0.0000,10.0000,1.4814,0.0000,2.0842,0.0000,11.2681
1.5000,4.0000,0.5500,0.1200,0.0200,0.0000,10.0000,1.4287,0.0000,1.6933,0.0000,11.3685
1.5000,4.0000,0.5500,0.1200,0.0400,0.0000,10.0000,1.0408,0.0592,1.5133,0.0421,11.5385
1.5000,4.0000,0.5500,0.1200,0.0600,0.0000,10.0000,0.6365,0.0667,1.5442,0.0675,12.6880
1.5000,4.0000,0.6000,0.0800,0.0000,0.0000,10.0000,1.3001,0.0000,2.2775,0.0013,8.2713
1.5000,4.0000,0.6000,0.0800,0.0200,0.0000,10.0000,1.3121,0.0000,1.9458,0.0000,8.3472
1.5000,4.0000,0.6000,0.0800,0.0400,0.0000,10.0000,1.0578,0.0000,1.7858,0.0277,9.3319
1.5000,4.0000,0.6000,0.0800,0.0600,0.0000,10.0000,0.7129,0.0708,1.7550,0.0498,12.9115
1.5000,4.0000,0.6000,0.1200,0.0000,0.0000,10.0000,1.3651,0.0000,1.9658,0.0000,10.2059
1.5000,4.0000,0.6000,0.1200,0.0200,0.0000,10.0000,1.2562,0.0000,1.6783,0.0000,10.2273
1.5000,4.0000,0.6000,0.1200,0.0400,0.0000,10.0000,0.8869,0.0158,1.5817,0.0483,11.4994
1.5000,4.0000,0.6000,0.1200,0.0600,0.0000,10.0000,0.5426,0.0167,1.6383,0.0655,13.0657
1.5000,4.0000,0.6500,0.0800,0.0000,0.0000,10.0000,1.1442,0.0000,2.2133,0.0031,7.6105
1.5000,4.0000,0.6500,0.0800,0.0200,0.0000,10.0000,1.1654,0.0000,2.0133,0.0000,7.2574
1.5000,4.0000,0.6500,0.0800,0.0400,0.0000,10.0000,0.9052,0.0000,1.8008,0.0276,8.5045
1.5000,4.0000,0.6500,0.0800,0.0600,0.0000,10.0000,0.5891,0.0017,1.9308,0.0510,13.5764
1.5000,4.0000,0.6500,0.1200,0.0000,0.0000,10.0000,1.2123,0.0000,1.9008,0.0001,9.2927
1.5000,4.0000,0.6500,0.1200,0.0200,0.0000,10.0000,1.0849,0.0000,1.6383,0.0000,9.3394
1.5000,4.0000,0.6500,0.1200,0.0400,0.0000,10.0000,0.7500,0.0000,1.5792,0.0522,11.2199
1.5000,4.0000,0.6500,0.1200,0.0600,0.0000,10.0000,0.4413,0.0000,1.6450,0.0640,13.3249
1.5000,5.0000,0.5000,0.0800,0.0000,0.0000,10.0000,1.2953,0.0000,2.5483,0.0000,10.8544
1.5000,5.0000,0.5000,0.0800,0.0200,0.0000,10.0000,1.4183,0.0000,2.1042,0.0000,11.0263
1.5000,5.0000,0.5000,0.0800,0.0400,0.0000,10.0000,1.2015,0.1533,1.6542,0.0114,11.1378
1.5000,5.0000,0.5000,0.0800,0.0600,0.0000,10.0000,0.8542,0.3000,1.3200,0.0314,13.2490
1.5000,5.0000,0.5000,0.1200,0.0000,0.0000,10.0000,1.2986,0.0000,2.2183,0.0556,12.1774
1.5000,5.0000,0.5000,0.1200,0.0200,0.0000,10.0000,1.3684,0.0000,1.9000,0.0444,12.1207
1.5000,5.0000,0.5000,0.1200,0.0400,0.0000,10.0000,1.0995,0.1308,1.4692,0.0599,12.1641
1.5000,5.0000,0.5000,0.1200,0.0600,0.0000,10.0000,0.7052,0.2283,1.3750,0.0912,13.1599
1.5000,5.0000,0.5500,0.0800,0.0000,0.0000,10.0000,1.2430,0.0000,2.4017,0.0000,9.6054
1.5000,5.0000,0.5500,0.0800,0.0200,0.0000,10.0000,1.2856,0.0000,2.1333,0.0000,9.6890
1.5000,5.0000,0.5500,0.0800,0.0400,0.0000,10.0000,1.0867,0.0000,1.9000,0.0168,9.7461
1.5000,5.0000,0.5500,0.0800,0.0600,0.0000,10.0000,0.7484,0.2358,1.5467,0.0405,12.2347
1.5000,5.0000,0.5500,0.1200,0.0000,0.0000,10.0000,1.2947,0.0000,2.0667,0.0000,12.1639
1.5000,5.0000,0.5500,0.1200,0.0200,0.0000,10.0000,1.2353,0.0000,1.7333,0.0000,12.1748
1.5000,5.0000,0.5500,0.1200,0.0400,0.0000,10.0000,0.9647,0.0000,1.6017,0.0432,12.1933
1.5000,5.0000,0.5500,0.1200,0.0600,0.0000,10.0000,0.5971,0.0442,1.7517,0.0642,12.4679
1.5000,5.0000,0.6000,0.0800,0.0000,0.0000,10.0000,1.1445,0.0000,2.3617,0.0000,8.3151
1.5000,5.0000,0.6000,0.0800,0.0200,0.0000,10.0000,1.1510,0.0000,2.0333,0.0000,8.2591
1.5000,5.0000,0.6000,0.0800,0.0400,0.0000,10.0000,0.9296,0.0000,1.8592,0.0194,9.0784
1.5000,5.0000,0.6000,0.0800,0.0600,0.0000,10.0000,0.6328,0.0000,1.8392,0.0463,11.6768
1.5000,5.0000,0.6000,0.1200,0.0000,0.0000,10.0000,1.1874,0.0000,2.0000,0.0000,10.7946
1.5000,5.0000,0.6000,0.1200,0.0200,0.0000,10.0000,1.0807,0.0000,1.7350,0.0000,10.7953
1.5000,5.0000,0.6000,0.1200,0.0400,0.0000,10.0000,0.7904,0.0000,1.6517,0.0444,10.8466
1.5000,5.0000,0.6000,0.1200,0.0600,0.0000,10.0000,0.4670,0.0000,1.7158,0.0688,11.6907
1.5000,5.0000,0.6500,0.0800,0.0000,0.0000,10.0000,0.9896,0.0000,2.3058,0.0000,7.6591
1.5000,5.0000,0.6500,0.0800,0.0200,0.0000,10.0000,1.0031,0.0000,2.1000,0.0000,7.5954
1.5000,5.0000,0.6500,0.0800,0.0400,0.0000,10.0000,0.7674,0.0000,1.8375,0.0251,8.6615
1.5000,5.0000,0.6500,0.0800,0.0600,0.0000,10.0000,0.5179,0.0000,1.9067,0.0547,10.8199
1.5000,5.0000,0.6500,0.1200,0.0000,0.0000,10.0000,1.0433,0.0000,1.9325,0.0000,10.6907
1.5000,5.0000,0.6500,0.1200,0.0200,0.0000,10.0000,0.9256,0.0000,1.7975,0.0000,10.7193
1.5000,5.0000,0.6500,0.1200,0.0400,0.0000,10.0000,0.6266,0.0000,1.7092,0.0463,10.7450
1.5000,5.0000,0.6500,0.1200,0.0600,0.0000,10.0000,0.3616,0.0000,1.6025,0.0586,10.9125
2.0000,3.0000,0.5000,0.0800,0.0000,3.0000,4.9400,0.4180,0.3307,1.1157,0.1397,12.2316
2.0000,3.0000,0.5000,0.0800,0.0200,2.0000,5.7333,0.7462,0.1928,1.4434,0.1385,12.5977
2.0000,3.0000,0.5000,0.0800,0.0400,2.0000,4.8933,1.1322,0.3196,1.2339,0.1286,12.7035
2.0000,3.0000,0.5000,0.0800,0.0600,3.0000,4.8267,0.7196,0.3861,1.0353,0.1330,13.0113
2.0000,3.0000,0.5000,0.1200,0.0000,0.0000,10.0000,0.4329,0.1825,1.4725,0.1826,12.9120
2.0000,3.0000,0.5000,0.1200,0.0200,0.0000,10.0000,0.7770,0.2675,1.3317,0.1611,12.5778
2.0000,3.0000,0.5000,0.1200,0.0400,1.0000,7.0133,1.0449,0.3175,1.2063,0.1466,12.8207
2.0000,3.0000,0.5000,0.1200,0.0600,2.0000,4.6600,0.6714,0.3393,1.1110,0.1528,12.9909
2.0000,3.0000,0.5500,0.0800,0.0000,0.0000,10.0000,2.2456,0.0000,2.1450,0.0627,11.8283
2.0000,3.0000,0.5500,0.0800,0.0200,0.0000,10.0000,2.1386,0.2383,1.3667,0.0451,12.2083
2.0000,3.0000,0.5500,0.0800,0.0400,0.0000,10.0000,1.7093,0.2500,1.2642,0.0564,12.6626
2.0000,3.0000,0.5500,0.0800,0.0600,1.0000,7.0067,1.3672,0.3625,1.0813,0.0635,12.7976
2.0000,3.0000,0.5500,0.1200,0.0000,0.0000,10.0000,2.0625,0.0033,1.9367,0.1191,12.1011
2.0000,3.0000,0.5500,0.1200,0.0200,0.0000,10.0000,2.1590,0.2250,1.3542,0.0876,12.3904
2.0000,3.0000,0.5500,0.1200,0.0400,0.0000,10.0000,1.6424,0.2608,1.2142,0.1129,12.8792
2.0000,3.0000,0.5500,0.1200,0.0600,0.0000,10.0000,1.2673,0.3425,1.0817,0.1265,12.8826
2.0000,3.0000,0.6000,0.0800,0.0000,0.0000,10.0000,2.0491,0.0000,1.9333,0.0440,10.6003
2.0000,3.0000,0.6000,0.0800,0.0200,0.0000,10.0000,1.9386,0.0075,1.5867,0.0173,10.8313
2.0000,3.0000,0.6000,0.0800,0.0400,0.0000,10.0000,1.6221,0.1675,1.3408,0.0392,11.4295
2.0000,3.0000,0.6000,0.0800,0.0600,0.0000,10.0000,1.2115,0.2342,1.2333,0.0504,12.1059
2.0000,3.0000,0.6000,0.1200,0.0000,0.0000,10.0000,0.7692,0.0242,1.6792,0.1263,12.1013
2.0000,3.0000,0.6000,0.1200,0.0200,0.0000,10.0000,1.7057,0.0975,1.4433,0.0625,12.1962
2.0000,3.0000,0.6000,0.1200,0.0400,0.0000,10.0000,1.1187,0.1117,1.3192,0.0870,12.6199
2.0000,3.0000,0.6000,0.1200,0.0600,0.0000,10.0000,1.1433,0.2700,1.1325,0.0816,12.7328
2.0000,3.0000,0.6500,0.0800,0.0000,0.0000,10.0000,1.7923,0.0000,1.8883,0.0484,8.8693
2.0000,3.0000,0.6500,0.0800,0.0200,0.0000,10.0000,1.7045,0.0083,1.6517,0.0285,9.3948
2.0000,3.0000,0.6500,0.0800,0.0400,0.0000,10.0000,1.6012,0.0892,1.3775,0.0279,8.9472
2.0000,3.0000,0.6500,0.0800,0.0600,0.0000,10.0000,1.1863,0.1683,1.3625,0.0535,12.7528
2.0000,3.0000,0.6500,0.1200,0.0000,0.0000,10.0000,0.0493,0.0275,1.6100,0.0918,12.0990
2.0000,3.0000,0.6500,0.1200,0.0200,0.0000,10.0000,0.4727,0.0633,1.5242,0.0707,12.1369
2.0000,3.0000,0.6500,0.1200,0.0400,1.0000,8.3333,1.1796,0.0729,1.3781,0.0553,11.6508
2.0000,3.0000,0.6500,0.1200,0.0600,0.0000,10.0000,1.0362,0.1508,1.2942,0.0637,12.7529
2.0000,3.5000,0.5000,0.0800,0.0000,0.0000,10.0000,0.5559,0.0383,1.9225,0.1622,12.2746
2.0000,3.5000,0.5000,0.0800,0.0200,0.0000,10.0000,1.0803,0.1892,1.5825,0.1261,12.8897
2.0000,3.5000,0.5000,0.0800,0.0400,0.0000,10.0000,1.7016,0.3608,1.3142,0.0984,12.7579
2.0000,3.5000,0.5000,0.0800,0.0600,0.0000,10.0000,1.3332,0.4000,1.1592,0.1074,12.9444
2.0000,3.5000,0.5000,0.1200,0.0000,0.0000,10.0000,0.5014,0.0050,1.9450,0.1957,12.8022
2.0000,3.5000,0.5000,0.1200,0.0200,0.0000,10.0000,1.0013,0.1667,1.5900,0.1428,12.7733
2.0000,3.5000,0.5000,0.1200,0.0400,0.0000,10.0000,1.7701,0.3542,1.2808,0.1131,12.7354
2.0000,3.5000,0.5000,0.1200,0.0600,0.0000,10.0000,1.3899,0.4200,1.0525,0.1258,12.9741
2.0000,3.5000,0.5500,0.0800,0.0000,0.0000,10.0000,2.0478,0.0000,2.2092,0.0781,11.7521
2.0000,3.5000,0.5500,0.0800,0.0200,0.0000,10.0000,2.1743,0.0675,1.6875,0.0299,12.0750
2.0000,3.5000,0.5500,0.0800,0.0400,0.0000,10.0000,1.7702,0.3025,1.2342,0.0417,12.5213
2.0000,3.5000,0.5500,0.0800,0.0600,0.0000,10.0000,1.2905,0.3433,1.1742,0.0574,12.6832
2.0000,3.5000,0.5500,0.1200,0.0000,0.0000,10.0000,1.8733,0.0000,2.0083,0.1292,11.9472
2.0000,3.5000,0.5500,0.1200,0.0200,0.0000,10.0000,2.0841,0.0158,1.6417,0.0851,12.1298
2.0000,3.5000,0.5500,0.1200,0.0400,0.0000,10.0000,1.6583,0.2925,1.2275,0.1049,12.6006
2.0000,3.5000,0.5500,0.1200,0.0600,0.0000,10.0000,1.1344,0.3192,1.1500,0.1299,12.6976
2.0000,3.5000,0.6000,0.0800,0.0000,0.0000,10.0000,1.8867,0.0000,2.0775,0.0490,10.6360
2.0000,3.5000,0.6000,0.0800,0.0200,0.0000,10.0000,1.9408,0.0192,1.7275,0.0096,10.7584
2.0000,3.5000,0.6000,0.0800,0.0400,0.0000,10.0000,1.6201,0.1775,1.3750,0.0314,11.0579
2.0000,3.5000,0.6000,0.0800,0.0600,0.0000,10.0000,1.1834,0.2283,1.3142,0.0516,12.8034
2.0000,3.5000,0.6000,0.1200,0.0000,0.0000,10.0000,1.7653,0.0000,1.8283,0.0881,11.8782
2.0000,3.5000,0.6000,0.1200,0.0200,0.0000,10.0000,1.7260,0.0275,1.5558,0.0499,12.1742
2.0000,3.5000,0.6000,0.1200,0.0400,0.0000,10.0000,1.3583,0.0975,1.3975,0.0699,12.4138
2.0000,3.5000,0.6000,0.1200,0.0600,0.0000,10.0000,1.0357,0.1942,1.2692,0.0796,12.9288
2.0000,3.5000,0.6500,0.0800,0.0000,0.0000,10.0000,1.6437,0.0000,2.0433,0.0513,8.8177
2.0000,3.5000,0.6500,0.0800,0.0200,0.0000,10.0000,1.6764,0.0000,1.7842,0.0108,8.8732
2.0000,3.5000,0.6500,0.0800,0.0400,0.0000,10.0000,1.4633,0.0000,1.6400,0.0306,8.9537
2.0000,3.5000,0.6500,0.0800,0.0600,0.0000,10.0000,1.0844,0.0675,1.6408,0.0528,13.5363
2.0000,3.5000,0.6500,0.1200,0.0000,0.0000,10.0000,1.4702,0.0000,1.7908,0.0735,10.9739
2.0000,3.5000,0.6500,0.1200,0.0200,0.0000,10.0000,1.5241,0.0225,1.5375,0.0307,11.2614
2.0000,3.5000,0.6500,0.1200,0.0400,0.0000,10.0000,1.1848,0.0350,1.4892,0.0552,11.6916
2.0000,3.5000,0.6500,0.1200,0.0600,0.0000,10.0000,0.8741,0.0592,1.4883,0.0689,13.2392
2.0000,4.0000,0.5000,0.0800,0.0000,0.0000,10.0000,0.6576,0.0017,2.1833,0.1693,12.1721
2.0000,4.0000,0.5000,0.0800,0.0200,0.0000,10.0000,1.2974,0.1433,1.7425,0.1006,12.4255
2.0000,4.0000,0.5000,0.0800,0.0400,0.0000,10.0000,1.7415,0.3325,1.4025,0.0876,12.6581
2.0000,4.0000,0.5000,0.0800,0.0600,0.0000,10.0000,1.3359,0.3767,1.1958,0.1001,12.8519
2.0000,4.0000,0.5000,0.1200,0.0000,0.0000,10.0000,0.6561,0.0000,2.0942,0.1894,13.5866
2.0000,4.0000,0.5000,0.1200,0.0200,0.0000,10.0000,1.0692,0.0933,1.6975,0.1256,13.2947
2.0000,4.0000,0.5000,0.1200,0.0400,0.0000,10.0000,1.7137,0.3242,1.3308,0.1108,13.4893
2.0000,4.0000,0.5000,0.1200,0.0600,0.0000,10.0000,1.2248,0.3458,1.1800,0.1334,13.5023
2.0000,4.0000,0.5500,0.0800,0.0000,0.0000,10.0000,1.8344,0.0000,2.2775,0.0861,11.6339
2.0000,4.0000,0.5500,0.0800,0.0200,0.0000,10.0000,1.9812,0.0000,1.8750,0.0249,11.9604
2.0000,4.0000,0.5500,0.0800,0.0400,0.0000,10.0000,1.6474,0.2508,1.4250,0.0413,12.2722
2.0000,4.0000,0.5500,0.0800,0.0600,0.0000,10.0000,1.2179,0.3400,1.2617,0.0552,12.8864
2.0000,4.0000,0.5500,0.1200,0.0000,0.0000,10.0000,1.4287,0.0000,2.1350,0.1479,11.8171
2.0000,4.0000,0.5500,0.1200,0.0200,0.0000,10.0000,1.9038,0.0000,1.7158,0.0782,11.9576
2.0000,4.0000,0.5500,0.1200,0.0400,0.0000,10.0000,1.4970,0.1925,1.3850,0.1117,12.3104
2.0000,4.0000,0.5500,0.1200,0.0600,0.0000,10.0000,1.0539,0.2783,1.2633,0.1331,12.9659
2.0000,4.0000,0.6000,0.0800,0.0000,0.0000,10.0000,1.7250,0.0000,2.1483,0.0481,10.5812
2.0000,4.0000,0.6000,0.0800,0.0200,0.0000,10.0000,1.8158,0.0000,1.7992,0.0001,10.6315
2.0000,4.0000,0.6000,0.0800,0.0400,0.0000,10.0000,1.5025,0.0292,1.6858,0.0344,10.8100
2.0000,4.0000,0.6000,0.0800,0.0600,0.0000,10.0000,1.1049,0.1900,1.4742,0.0519,13.5644
2.0000,4.0000,0.6000,0.1200,0.0000,0.0000,10.0000,1.6056,0.0000,1.9192,0.0856,11.6822
2.0000,4.0000,0.6000,0.1200,0.0200,0.0000,10.0000,1.7006,0.0000,1.6275,0.0331,11.8092
2.0000,4.0000,0.6000,0.1200,0.0400,0.0000,10.0000,1.2742,0.0350,1.5408,0.0672,12.0799
2.0000,4.0000,0.6000,0.1200,0.0600,0.0000,10.0000,0.8936,0.0642,1.5658,0.0826,13.6171
2.0000,4.0000,0.6500,0.0800,0.0000,0.0000,10.0000,1.5083,0.0000,2.1342,0.0484,8.9442
2.0000,4.0000,0.6500,0.0800,0.0200,0.0000,10.0000,1.5811,0.0000,1.8300,0.0001,8.8293
2.0000,4.0000,0.6500,0.0800,0.0400,0.0000,10.0000,1.3293,0.0000,1.7700,0.0348,9.5399
2.0000,4.0000,0.6500,0.0800,0.0600,0.0000,10.0000,0.9596,0.0408,1.8742,0.0558,13.5291
2.0000,4.0000,0.6500,0.1200,0.0000,0.0000,10.0000,1.4304,0.0000,1.8475,0.0774,10.8980
2.0000,4.0000,0.6500,0.1200,0.0200,0.0000,10.0000,1.4217,0.0050,1.6083,0.0276,11.0513
2.0000,4.0000,0.6500,0.1200,0.0400,0.0000,10.0000,1.0772,0.0158,1.5658,0.0584,11.6624
2.0000,4.0000,0.6500,0.1200,0.0600,0.0000,10.0000,0.7717,0.0092,1.5917,0.0801,13.4464
2.0000,5.0000,0.5000,0.0800,0.0000,0.0000,10.0000,0.8642,0.0058,2.3283,0.1353,11.9038
2.0000,5.0000,0.5000,0.0800,0.0200,0.0000,10.0000,1.5988,0.0000,2.1850,0.0716,11.9355
2.0000,5.0000,0.5000,0.0800,0.0400,0.0000,10.0000,1.6523,0.2825,1.4842,0.0791,12.1320
2.0000,5.0000,0.5000,0.0800,0.0600,0.0000,10.0000,1.3214,0.3225,1.3083,0.0985,13.3893
2.0000,5.0000,0.5000,0.1200,0.0000,0.0000,10.0000,0.9461,0.0000,2.1242,0.1587,13.0326
2.0000,5.0000,0.5000,0.1200,0.0200,0.0000,10.0000,1.7014,0.0000,1.9325,0.0889,12.9989
2.0000,5.0000,0.5000,0.1200,0.0400,0.0000,10.0000,1.5485,0.1742,1.4250,0.0999,13.0333
2.0000,5.0000,0.5000,0.1200,0.0600,0.0000,10.0000,1.1813,0.3483,1.2100,0.1384,13.1593
2.0000,5.0000,0.5500,0.0800,0.0000,0.0000,10.0000,1.5124,0.0000,2.4000,0.0724,11.3590
2.0000,5.0000,0.5500,0.0800,0.0200,0.0000,10.0000,1.6892,0.0000,2.0017,0.0222,11.5558
2.0000,5.0000,0.5500,0.0800,0.0400,0.0000,10.0000,1.4829,0.0700,1.7442,0.0244,11.9321
2.0000,5.0000,0.5500,0.0800,0.0600,0.0000,10.0000,1.1658,0.2650,1.5058,0.0392,12.7682
2.0000,5.0000,0.5500,0.1200,0.0000,0.0000,10.0000,1.4523,0.0000,2.1325,0.1224,12.9535
2.0000,5.0000,0.5500,0.1200,0.0200,0.0000,10.0000,1.6271,0.0000,1.6958,0.0777,12.9311
2.0000,5.0000,0.5500,0.1200,0.0400,0.0000,10.0000,1.3729,0.0000,1.6150,0.1077,12.9496
2.0000,5.0000,0.5500,0.1200,0.0600,0.0000,10.0000,0.9140,0.0642,1.7575,0.1425,13.0591
2.0000,5.0000,0.6000,0.0800,0.0000,0.0000,10.0000,1.4628,0.0000,2.3667,0.0391,10.3391
2.0000,5.0000,0.6000,0.0800,0.0200,0.0000,10.0000,1.5588,0.0000,1.9042,0.0000,10.3719
2.0000,5.0000,0.6000,0.0800,0.0400,0.0000,10.0000,1.3409,0.0000,1.8642,0.0323,10.4065
2.0000,5.0000,0.6000,0.0800,0.0600,0.0000,10.0000,1.0006,0.0467,1.7592,0.0541,11.9939
2.0000,5.0000,0.6000,0.1200,0.0000,0.0000,10.0000,1.4243,0.0000,2.0017,0.0640,11.3815
2.0000,5.0000,0.6000,0.1200,0.0200,0.0000,10.0000,1.4579,0.0000,1.7350,0.0159,11.4808
2.0000,5.0000,0.6000,0.1200,0.0400,0.0000,10.0000,1.1551,0.0000,1.7317,0.0492,11.6000
2.0000,5.0000,0.6000,0.1200,0.0600,0.0000,10.0000,0.7599,0.0000,1.6583,0.0842,13.1528
2.0000,5.0000,0.6500,0.0800,0.0000,0.0000,10.0000,1.2996,0.0000,2.2667,0.0278,9.0697
2.0000,5.0000,0.6500,0.0800,0.0200,0.0000,10.0000,1.3718,0.0000,2.0000,0.0000,8.7415
2.0000,5.0000,0.6500,0.0800,0.0400,0.0000,10.0000,1.1457,0.0000,1.8767,0.0310,9.2257
2.0000,5.0000,0.6500,0.0800,0.0600,0.0000,10.0000,0.8352,0.0000,1.9375,0.0701,12.3938
2.0000,5.0000,0.6500,0.1200,0.0000,0.0000,10.0000,1.2871,0.0000,1.9167,0.0617,11.0030
2.0000,5.0000,0.6500,0.1200,0.0200,0.0000,10.0000,1.2409,0.0000,1.7250,0.0174,11.0145
2.0000,5.0000,0.6500,0.1200,0.0400,0.0000,10.0000,0.9597,0.0000,1.6875,0.0558,11.0303
2.0000,5.0000,0.6500,0.1200,0.0600,0.0000,10.0000,0.6597,0.0000,1.6050,0.0839,11.2636
2.5000,3.0000,0.5000,0.0800,0.0000,2.0000,4.3133,0.3046,0.3600,1.1750,0.2344,12.4741
2.5000,3.0000,0.5000,0.0800,0.0200,3.0000,4.7800,0.1328,0.5116,0.8914,0.2064,12.6411
2.5000,3.0000,0.5000,0.0800,0.0400,3.0000,1.3067,0.4194,0.3333,1.0000,0.1111,11.7733
2.5000,3.0000,0.5000,0.0800,0.0600,3.0000,1.1200,nan,nan,nan,nan,nan
2.5000,3.0000,0.5000,0.1200,0.0000,3.0000,5.5333,-0.1352,0.4586,0.9573,0.2357,14.3098
2.5000,3.0000,0.5000,0.1200,0.0200,3.0000,3.3800,0.0872,0.4109,1.0655,0.2339,14.1615
2.5000,3.0000,0.5000,0.1200,0.0400,3.0000,3.1133,0.1913,0.3494,1.0482,0.2078,14.2445
2.5000,3.0000,0.5000,0.1200,0.0600,3.0000,1.2000,nan,nan,nan,nan,nan
2.5000,3.0000,0.5500,0.0800,0.0000,3.0000,3.1000,0.4674,0.3485,1.0482,0.1955,12.3067
2.5000,3.0000,0.5500,0.0800,0.0200,1.0000,7.3467,0.4200,0.1942,1.3514,0.1729,12.7683
2.5000,3.0000,0.5500,0.0800,0.0400,3.0000,2.9667,0.8204,0.3887,1.0092,0.1745,12.7166
2.5000,3.0000,0.5500,0.0800,0.0600,3.0000,4.2267,0.6018,0.3425,1.1046,0.1877,13.2171
2.5000,3.0000,0.5500,0.1200,0.0000,1.0000,8.1533,0.1718,0.2831,1.2330,0.2280,12.9471
2.5000,3.0000,0.5500,0.1200,0.0200,0.0000,10.0000,0.6405,0.2983,1.2175,0.2242,12.5685
2.5000,3.0000,0.5500,0.1200,0.0400,2.0000,6.1533,0.8862,0.3476,1.1240,0.2092,13.0019
2.5000,3.0000,0.5500,0.1200,0.0600,3.0000,5.7733,1.2364,0.3820,1.0487,0.1902,13.0393
2.5000,3.0000,0.6000,0.0800,0.0000,2.0000,7.2133,1.3866,0.1207,1.4097,0.1540,12.5415
2.5000,3.0000,0.6000,0.0800,0.0200,3.0000,5.9533,1.2296,0.1853,1.3274,0.1523,12.3999
2.5000,3.0000,0.6000,0.0800,0.0400,2.0000,6.1267,0.9925,0.2948,1.1238,0.1354,12.5810
2.5000,3.0000,0.6000,0.0800,0.0600,1.0000,8.0667,1.1291,0.2968,1.1572,0.1346,13.2113
2.5000,3.0000,0.6000,0.1200,0.0000,0.0000,10.0000,1.1653,0.0483,1.5983,0.2052,12.5057
2.5000,3.0000,0.6000,0.1200,0.0200,1.0000,8.8333,1.0364,0.1731,1.3046,0.2015,12.6631
2.5000,3.0000,0.6000,0.1200,0.0400,1.0000,9.9533,1.2058,0.2563,1.1699,0.1881,12.7586
2.5000,3.0000,0.6000,0.1200,0.0600,2.0000,6.0933,0.6658,0.3887,0.8955,0.1676,13.1380
2.5000,3.0000,0.6500,0.0800,0.0000,0.0000,10.0000,1.8464,0.0025,1.6992,0.0955,11.2367
2.5000,3.0000,0.6500,0.0800,0.0200,1.0000,8.6333,1.5686,0.0613,1.5173,0.0933,11.3609
2.5000,3.0000,0.6500,0.0800,0.0400,0.0000,10.0000,1.5812,0.1300,1.4125,0.0772,11.4596
2.5000,3.0000,0.6500,0.0800,0.0600,0.0000,10.0000,1.3477,0.2058,1.2908,0.0735,13.5320
2.5000,3.0000,0.6500,0.1200,0.0000,2.0000,6.6533,0.1370,0.1672,1.3035,0.1570,12.5766
2.5000,3.0000,0.6500,0.1200,0.0200,0.0000,10.0000,0.6578,0.1125,1.3933,0.1569,12.4368
2.5000,3.0000,0.6500,0.1200,0.0400,0.0000,10.0000,0.9632,0.1675,1.2558,0.1338,12.7013
2.5000,3.0000,0.6500,0.1200,0.0600,0.0000,10.0000,1.2666,0.2308,1.1875,0.1196,13.4737
2.5000,3.5000,0.5000,0.0800,0.0000,1.0000,8.3933,-0.1445,0.3154,1.3804,0.2163,12.2459
2.5000,3.5000,0.5000,0.0800,0.0200,0.0000,10.0000,0.2223,0.3617,1.3017,0.2094,12.5265
2.5000,3.5000,0.5000,0.0800,0.0400,0.0000,10.0000,0.5363,0.3725,1.2192,0.1948,12.6382
2.5000,3.5000,0.5000,0.0800,0.0600,0.0000,10.0000,0.7707,0.4383,1.1317,0.1792,13.1225
2.5000,3.5000,0.5000,0.1200,0.0000,0.0000,10.0000,-0.1880,0.2675,1.3925,0.2194,14.5476
2.5000,3.5000,0.5000,0.1200,0.0200,0.0000,10.0000,0.1879,0.2708,1.3558,0.2162,14.4934
2.5000,3.5000,0.5000,0.1200,0.0400,0.0000,10.0000,0.5674,0.3283,1.2442,0.2008,14.4067
2.5000,3.5000,0.5000,0.1200,0.0600,0.0000,10.0000,0.8531,0.3917,1.1425,0.1877,15.1162
2.5000,3.5000,0.5500,0.0800,0.0000,1.0000,8.0867,0.5383,0.1218,1.5992,0.2044,12.4344
2.5000,3.5000,0.5500,0.0800,0.0200,0.0000,10.0000,1.0122,0.2258,1.4508,0.1967,12.5487
2.5000,3.5000,0.5500,0.0800,0.0400,0.0000,10.0000,1.4145,0.3425,1.2833,0.1649,12.6952
2.5000,3.5000,0.5500,0.0800,0.0600,0.0000,10.0000,1.4327,0.3767,1.1650,0.1582,13.1843
2.5000,3.5000,0.5500,0.1200,0.0000,0.0000,10.0000,0.1008,0.0167,1.7433,0.2404,12.3473
2.5000,3.5000,0.5500,0.1200,0.0200,0.0000,10.0000,0.7326,0.2017,1.4658,0.2222,12.3849
2.5000,3.5000,0.5500,0.1200,0.0400,0.0000,10.0000,1.3952,0.3333,1.2758,0.1760,12.6632
2.5000,3.5000,0.5500,0.1200,0.0600,0.0000,10.0000,1.4610,0.3892,1.1150,0.1737,13.1571
2.5000,3.5000,0.6000,0.0800,0.0000,0.0000,10.0000,2.0212,0.0000,1.9825,0.1346,11.9539
2.5000,3.5000,0.6000,0.0800,0.0200,0.0000,10.0000,1.5021,0.0708,1.6558,0.1396,12.4870
2.5000,3.5000,0.6000,0.0800,0.0400,0.0000,10.0000,1.7648,0.2333,1.3883,0.1077,12.5028
2.5000,3.5000,0.6000,0.0800,0.0600,0.0000,10.0000,1.5906,0.3308,1.1658,0.1012,13.4684
2.5000,3.5000,0.6000,0.1200,0.0000,0.0000,10.0000,1.6303,0.0000,1.7933,0.2094,11.9569
2.5000,3.5000,0.6000,0.1200,0.0200,0.0000,10.0000,1.4771,0.0275,1.6117,0.1981,12.3410
2.5000,3.5000,0.6000,0.1200,0.0400,0.0000,10.0000,1.5781,0.2483,1.2875,0.1693,12.5343
2.5000,3.5000,0.6000,0.1200,0.0600,0.0000,10.0000,1.3005,0.3075,1.1942,0.1686,13.5353
2.5000,3.5000,0.6500,0.0800,0.0000,0.0000,10.0000,1.7657,0.0000,1.8850,0.0937,10.8435
2.5000,3.5000,0.6500,0.0800,0.0200,0.0000,10.0000,1.6043,0.0033,1.7250,0.0855,11.1760
2.5000,3.5000,0.6500,0.0800,0.0400,0.0000,10.0000,1.5856,0.0658,1.5750,0.0640,11.1879
2.5000,3.5000,0.6500,0.0800,0.0600,0.0000,10.0000,1.3984,0.1983,1.3933,0.0609,14.0224
2.5000,3.5000,0.6500,0.1200,0.0000,0.0000,10.0000,0.7633,0.0258,1.8217,0.1853,11.9486
2.5000,3.5000,0.6500,0.1200,0.0200,0.0000,10.0000,1.2675,0.0383,1.5617,0.1523,12.1600
2.5000,3.5000,0.6500,0.1200,0.0400,0.0000,10.0000,1.2868,0.0917,1.4467,0.1193,12.5366
2.5000,3.5000,0.6500,0.1200,0.0600,0.0000,10.0000,1.1183,0.1767,1.3442,0.1165,14.0336
2.5000,4.0000,0.5000,0.0800,0.0000,0.0000,10.0000,0.1930,0.0092,1.9317,0.2086,12.1589
2.5000,4.0000,0.5000,0.0800,0.0200,0.0000,10.0000,0.4155,0.2458,1.4608,0.2048,12.2775
2.5000,4.0000,0.5000,0.0800,0.0400,0.0000,10.0000,0.8403,0.3642,1.2767,0.1682,12.5472
2.5000,4.0000,0.5000,0.0800,0.0600,0.0000,10.0000,1.1818,0.4217,1.2217,0.1491,13.5054
2.5000,4.0000,0.5000,0.1200,0.0000,0.0000,10.0000,0.0987,0.0100,1.8317,0.2156,14.9276
2.5000,4.0000,0.5000,0.1200,0.0200,0.0000,10.0000,0.4225,0.1958,1.4133,0.2226,14.8968
2.5000,4.0000,0.5000,0.1200,0.0400,0.0000,10.0000,0.8846,0.3208,1.2683,0.1705,14.8472
2.5000,4.0000,0.5000,0.1200,0.0600,0.0000,10.0000,1.5273,0.3917,1.1508,0.1566,14.8402
2.5000,4.0000,0.5500,0.0800,0.0000,0.0000,10.0000,0.2716,0.0008,1.9167,0.2100,12.1462
2.5000,4.0000,0.5500,0.0800,0.0200,0.0000,10.0000,1.1451,0.1658,1.6558,0.1792,12.3894
2.5000,4.0000,0.5500,0.0800,0.0400,0.0000,10.0000,1.7082,0.3292,1.4058,0.1253,12.5857
2.5000,4.0000,0.5500,0.0800,0.0600,0.0000,10.0000,1.4738,0.3783,1.2517,0.1367,13.6667
2.5000,4.0000,0.5500,0.1200,0.0000,0.0000,10.0000,0.3817,0.0000,2.0483,0.2364,13.0150
2.5000,4.0000,0.5500,0.1200,0.0200,0.0000,10.0000,0.9309,0.0733,1.6700,0.2148,12.9921
2.5000,4.0000,0.5500,0.1200,0.0400,0.0000,10.0000,1.6208,0.2925,1.3417,0.1456,12.9423
2.5000,4.0000,0.5500,0.1200,0.0600,0.0000,10.0000,1.3617,0.3517,1.1825,0.1647,13.5818
2.5000,4.0000,0.6000,0.0800,0.0000,0.0000,10.0000,1.7500,0.0000,2.0500,0.1510,11.7654
2.5000,4.0000,0.6000,0.0800,0.0200,0.0000,10.0000,1.8948,0.0000,1.9033,0.1152,12.0280
2.5000,4.0000,0.6000,0.0800,0.0400,0.0000,10.0000,1.6416,0.2083,1.4900,0.0900,12.3511
2.5000,4.0000,0.6000,0.0800,0.0600,0.0000,10.0000,1.4752,0.3183,1.3150,0.0898,13.9325
2.5000,4.0000,0.6000,0.1200,0.0000,0.0000,10.0000,1.3454,0.0000,1.9425,0.2137,11.7809
2.5000,4.0000,0.6000,0.1200,0.0200,0.0000,10.0000,1.6070,0.0000,1.6483,0.1880,11.8698
2.5000,4.0000,0.6000,0.1200,0.0400,0.0000,10.0000,1.4777,0.0975,1.5583,0.1578,12.2234
2.5000,4.0000,0.6000,0.1200,0.0600,0.0000,10.0000,1.1752,0.2575,1.3467,0.1633,13.9613
2.5000,4.0000,0.6500,0.0800,0.0000,0.0000,10.0000,1.6159,0.0000,2.0400,0.0984,10.7553
2.5000,4.0000,0.6500,0.0800,0.0200,0.0000,10.0000,1.7312,0.0000,1.7725,0.0687,10.7110
2.5000,4.0000,0.6500,0.0800,0.0400,0.0000,10.0000,1.5342,0.0000,1.8325,0.0555,10.9940
2.5000,4.0000,0.6500,0.0800,0.0600,0.0000,10.0000,1.2939,0.1725,1.5917,0.0656,13.4664
2.5000,4.0000,0.6500,0.1200,0.0000,0.0000,10.0000,1.2705,0.0000,1.8208,0.1581,11.6958
2.5000,4.0000,0.6500,0.1200,0.0200,0.0000,10.0000,1.3652,0.0000,1.6033,0.1362,11.8460
2.5000,4.0000,0.6500,0.1200,0.0400,0.0000,10.0000,1.2039,0.0533,1.5450,0.1174,12.1241
2.5000,4.0000,0.6500,0.1200,0.0600,0.0000,10.0000,1.0093,0.0583,1.5417,0.1128,13.8709
2.5000,5.0000,0.5000,0.0800,0.0000,0.0000,10.0000,0.0609,0.0000,2.1692,0.1944,11.6734
2.5000,5.0000,0.5000,0.0800,0.0200,0.0000,10.0000,0.9039,0.0392,1.9083,0.1707,12.0589
2.5000,5.0000,0.5000,0.0800,0.0400,0.0000,10.0000,1.7575,0.3350,1.5408,0.1028,12.2049
2.5000,5.0000,0.5000,0.0800,0.0600,0.0000,10.0000,1.7208,0.3350,1.4208,0.1253,13.6225
2.5000,5.0000,0.5000,0.1200,0.0000,0.0000,10.0000,0.4291,0.0000,2.0083,0.2125,14.2333
2.5000,5.0000,0.5000,0.1200,0.0200,0.0000,10.0000,1.2847,0.0000,1.9308,0.1798,14.1889
2.5000,5.0000,0.5000,0.1200,0.0400,0.0000,10.0000,1.9534,0.2708,1.3842,0.1284,14.1103
2.5000,5.0000,0.5000,0.1200,0.0600,0.0000,10.0000,1.6283,0.3550,1.1875,0.1631,14.1770
2.5000,5.0000,0.5500,0.0800,0.0000,0.0000,10.0000,0.9172,0.0000,2.4417,0.1887,11.7837
2.5000,5.0000,0.5500,0.0800,0.0200,0.0000,10.0000,1.3724,0.0317,1.9000,0.1420,11.9130
2.5000,5.0000,0.5500,0.0800,0.0400,0.0000,10.0000,1.7163,0.2025,1.6458,0.1090,12.3246
2.5000,5.0000,0.5500,0.0800,0.0600,0.0000,10.0000,1.4962,0.3017,1.4475,0.1298,12.6994
2.5000,5.0000,0.5500,0.1200,0.0000,0.0000,10.0000,1.2871,0.0000,2.1383,0.1988,13.7530
2.5000,5.0000,0.5500,0.1200,0.0200,0.0000,10.0000,1.6608,0.0000,1.7808,0.1350,13.7056
2.5000,5.0000,0.5500,0.1200,0.0400,0.0000,10.0000,1.6898,0.0683,1.5800,0.1489,13.6991
2.5000,5.0000,0.5500,0.1200,0.0600,0.0000,10.0000,1.3472,0.3217,1.2875,0.1841,13.7129
2.5000,5.0000,0.6000,0.0800,0.0000,0.0000,10.0000,1.4870,0.0000,2.3025,0.1446,11.3132
2.5000,5.0000,0.6000,0.0800,0.0200,0.0000,10.0000,1.6916,0.0000,1.9000,0.0722,11.5252
2.5000,5.0000,0.6000,0.0800,0.0400,0.0000,10.0000,1.6175,0.0108,1.8058,0.0722,11.9808
2.5000,5.0000,0.6000,0.0800,0.0600,0.0000,10.0000,1.3350,0.2417,1.5217,0.0820,14.1898
2.5000,5.0000,0.6000,0.1200,0.0000,0.0000,10.0000,1.3700,0.0000,2.0667,0.1945,12.1226
2.5000,5.0000,0.6000,0.1200,0.0200,0.0000,10.0000,1.5810,0.0000,1.6808,0.1469,12.0979
2.5000,5.0000,0.6000,0.1200,0.0400,0.0000,10.0000,1.4247,0.0000,1.7317,0.1556,12.1245
2.5000,5.0000,0.6000,0.1200,0.0600,0.0000,10.0000,1.0130,0.0025,1.6592,0.1667,13.6928
2.5000,5.0000,0.6500,0.0800,0.0000,0.0000,10.0000,1.4286,0.0000,2.2000,0.0835,10.3864
2.5000,5.0000,0.6500,0.0800,0.0200,0.0000,10.0000,1.5475,0.0000,1.9333,0.0457,10.3984
2.5000,5.0000,0.6500,0.0800,0.0400,0.0000,10.0000,1.4417,0.0000,1.8858,0.0512,10.5508
2.5000,5.0000,0.6500,0.0800,0.0600,0.0000,10.0000,1.0985,0.0133,1.8533,0.0742,12.8803
2.5000,5.0000,0.6500,0.1200,0.0000,0.0000,10.0000,1.2796,0.0000,1.8875,0.1349,11.4143
2.5000,5.0000,0.6500,0.1200,0.0200,0.0000,10.0000,1.3390,0.0000,1.7075,0.1050,11.5164
2.5000,5.0000,0.6500,0.1200,0.0400,0.0000,10.0000,1.2006,0.0000,1.6583,0.0905,11.4924
2.5000,5.0000,0.6500,0.1200,0.0600,0.0000,10.0000,0.8708,0.0000,1.7058,0.1038,12.5878
