speed_cmd,freq_hz,swing_frac,lift_m,falls_of_3,mean_seconds_before_fall,vx_reached,flight_share,feet_down,torque_saturation,peak_joint_speed
1.0000,2.5000,0.4000,0.0800,0.0000,10.0000,1.1524,0.0000,2.7500,0.0000,11.4197
1.0000,2.5000,0.4000,0.1200,0.0000,10.0000,1.1651,0.0000,2.6333,0.0389,11.7379
1.0000,2.5000,0.5000,0.0800,0.0000,10.0000,1.0135,0.0000,2.4700,0.0000,8.3769
1.0000,2.5000,0.5000,0.1200,0.0000,10.0000,1.0386,0.0000,2.2133,0.0000,10.1046
1.0000,2.5000,0.5500,0.0800,0.0000,10.0000,0.9018,0.0000,2.3158,0.0003,7.0118
1.0000,2.5000,0.5500,0.1200,0.0000,10.0000,0.8580,0.0000,2.0475,0.0077,10.1903
1.0000,2.5000,0.6000,0.0800,0.0000,10.0000,0.8067,0.0000,2.2650,0.0014,5.8922
1.0000,2.5000,0.6000,0.1200,0.0000,10.0000,0.6855,0.0000,1.9042,0.0167,11.7579
1.0000,2.5000,0.6500,0.0800,0.0000,10.0000,0.6180,0.0000,2.2042,0.0015,5.9600
1.0000,2.5000,0.6500,0.1200,0.0000,10.0000,0.4765,0.0150,1.7867,0.0243,11.2352
1.0000,3.0000,0.4000,0.0800,0.0000,10.0000,1.1073,0.0000,2.7600,0.0000,11.2427
1.0000,3.0000,0.4000,0.1200,0.0000,10.0000,1.1002,0.0000,2.5875,0.0433,11.9635
1.0000,3.0000,0.5000,0.0800,0.0000,10.0000,1.0073,0.0000,2.4692,0.0000,8.3624
1.0000,3.0000,0.5000,0.1200,0.0000,10.0000,1.0292,0.0000,2.2450,0.0000,9.9371
1.0000,3.0000,0.5500,0.0800,0.0000,10.0000,0.9167,0.0000,2.3600,0.0000,7.0516
1.0000,3.0000,0.5500,0.1200,0.0000,10.0000,0.9266,0.0000,2.0950,0.0003,8.6490
1.0000,3.0000,0.6000,0.0800,0.0000,10.0000,0.8139,0.0000,2.3267,0.0000,6.0006
1.0000,3.0000,0.6000,0.1200,0.0000,10.0000,0.8886,0.0000,2.0217,0.0010,8.0413
1.0000,3.0000,0.6500,0.0800,0.0000,10.0000,0.7345,0.0000,2.2458,0.0000,5.6650
1.0000,3.0000,0.6500,0.1200,0.0000,10.0000,0.8754,0.0000,1.8675,0.0000,7.2633
1.0000,3.5000,0.4000,0.0800,0.0000,10.0000,1.0486,0.0000,2.7850,0.0000,11.0879
1.0000,3.5000,0.4000,0.1200,0.0000,10.0000,1.0553,0.0000,2.5558,0.0431,13.2145
1.0000,3.5000,0.5000,0.0800,0.0000,10.0000,0.9912,0.0000,2.5200,0.0000,8.2958
1.0000,3.5000,0.5000,0.1200,0.0000,10.0000,1.0517,0.0000,2.2558,0.0000,10.7773
1.0000,3.5000,0.5500,0.0800,0.0000,10.0000,0.9110,0.0000,2.4033,0.0000,7.1023
1.0000,3.5000,0.5500,0.1200,0.0000,10.0000,0.9897,0.0000,2.1358,0.0000,9.8782
1.0000,3.5000,0.6000,0.0800,0.0000,10.0000,0.8320,0.0000,2.3217,0.0000,6.0925
1.0000,3.5000,0.6000,0.1200,0.0000,10.0000,0.9123,0.0000,2.0167,0.0000,8.9991
1.0000,3.5000,0.6500,0.0800,0.0000,10.0000,0.7547,0.0000,2.2600,0.0000,5.7630
1.0000,3.5000,0.6500,0.1200,0.0000,10.0000,0.8337,0.0000,1.9092,0.0000,8.3409
1.0000,4.0000,0.4000,0.0800,0.0000,10.0000,0.9784,0.0000,2.7742,0.0000,10.8388
1.0000,4.0000,0.4000,0.1200,0.0000,10.0000,1.0040,0.0000,2.5258,0.0403,13.8595
1.0000,4.0000,0.5000,0.0800,0.0000,10.0000,0.9321,0.0000,2.5183,0.0000,8.3282
1.0000,4.0000,0.5000,0.1200,0.0000,10.0000,0.9845,0.0000,2.2275,0.0000,11.7450
1.0000,4.0000,0.5500,0.0800,0.0000,10.0000,0.8536,0.0000,2.4125,0.0000,7.1896
1.0000,4.0000,0.5500,0.1200,0.0000,10.0000,0.9236,0.0000,2.1233,0.0000,10.5424
1.0000,4.0000,0.6000,0.0800,0.0000,10.0000,0.7679,0.0000,2.3317,0.0000,6.7133
1.0000,4.0000,0.6000,0.1200,0.0000,10.0000,0.8452,0.0000,2.0083,0.0000,9.9891
1.0000,4.0000,0.6500,0.0800,0.0000,10.0000,0.6823,0.0000,2.2775,0.0000,6.3547
1.0000,4.0000,0.6500,0.1200,0.0000,10.0000,0.7581,0.0000,1.9100,0.0000,9.1028
1.0000,5.0000,0.4000,0.0800,0.0000,10.0000,0.8197,0.0000,2.6892,0.0000,10.4818
1.0000,5.0000,0.4000,0.1200,0.0000,10.0000,0.8555,0.0000,2.4542,0.0333,13.2214
1.0000,5.0000,0.5000,0.0800,0.0000,10.0000,0.7718,0.0000,2.5142,0.0000,8.2844
1.0000,5.0000,0.5000,0.1200,0.0000,10.0000,0.8840,0.0000,2.1800,0.0000,11.6635
1.0000,5.0000,0.5500,0.0800,0.0000,10.0000,0.7150,0.0000,2.3983,0.0000,7.8683
1.0000,5.0000,0.5500,0.1200,0.0000,10.0000,0.8280,0.0000,2.1283,0.0000,11.6983
1.0000,5.0000,0.6000,0.0800,0.0000,10.0000,0.6544,0.0000,2.3392,0.0000,7.1300
1.0000,5.0000,0.6000,0.1200,0.0000,10.0000,0.7406,0.0000,1.9983,0.0000,10.4488
1.0000,5.0000,0.6500,0.0800,0.0000,10.0000,0.5787,0.0000,2.3117,0.0000,6.9899
1.0000,5.0000,0.6500,0.1200,0.0000,10.0000,0.6319,0.0000,1.9683,0.0000,10.5027
1.5000,2.5000,0.4000,0.0800,3.0000,3.9933,0.0770,0.3661,1.1774,0.1335,12.3072
1.5000,2.5000,0.4000,0.1200,3.0000,3.7400,0.0491,0.3290,1.2781,0.1464,12.9319
1.5000,2.5000,0.5000,0.0800,1.0000,7.3800,1.4245,0.0000,1.8858,0.0243,11.4904
1.5000,2.5000,0.5000,0.1200,0.0000,10.0000,1.7730,0.0000,2.1958,0.0510,12.0229
1.5000,2.5000,0.5500,0.0800,0.0000,10.0000,1.6675,0.0000,2.1408,0.0007,9.8937
1.5000,2.5000,0.5500,0.1200,0.0000,10.0000,1.0920,0.0358,1.8333,0.0372,12.0773
1.5000,2.5000,0.6000,0.0800,0.0000,10.0000,1.5218,0.0000,2.0525,0.0007,8.1859
1.5000,2.5000,0.6000,0.1200,0.0000,10.0000,0.7769,0.0542,1.7917,0.0445,12.1024
1.5000,2.5000,0.6500,0.0800,0.0000,10.0000,1.3328,0.0000,2.0217,0.0191,8.2090
1.5000,2.5000,0.6500,0.1200,0.0000,10.0000,0.3384,0.0008,1.8158,0.0572,11.5878
1.5000,3.0000,0.4000,0.0800,2.0000,5.2467,0.2048,0.3162,1.1799,0.1280,12.2435
1.5000,3.0000,0.4000,0.1200,2.0000,5.1933,0.2193,0.2827,1.2195,0.1423,13.8497
1.5000,3.0000,0.5000,0.0800,0.0000,10.0000,1.7261,0.0000,2.4200,0.0000,11.4400
1.5000,3.0000,0.5000,0.1200,0.0000,10.0000,1.7330,0.0000,2.2258,0.0489,11.7989
1.5000,3.0000,0.5500,0.0800,0.0000,10.0000,1.6136,0.0000,2.2117,0.0000,9.8445
1.5000,3.0000,0.5500,0.1200,0.0000,10.0000,1.5868,0.0000,2.0258,0.0065,11.5852
1.5000,3.0000,0.6000,0.0800,0.0000,10.0000,1.4666,0.0000,2.1742,0.0030,8.1741
1.5000,3.0000,0.6000,0.1200,0.0000,10.0000,0.5624,0.0008,1.7575,0.0453,11.7122
1.5000,3.0000,0.6500,0.0800,0.0000,10.0000,1.2901,0.0000,2.0992,0.0129,6.7814
1.5000,3.0000,0.6500,0.1200,0.0000,10.0000,0.5456,0.0175,1.7500,0.0412,11.0411
1.5000,3.5000,0.4000,0.0800,0.0000,10.0000,0.2221,0.1275,2.0125,0.1281,12.1140
1.5000,3.5000,0.4000,0.1200,0.0000,10.0000,0.1661,0.0917,1.9567,0.1469,14.5273
1.5000,3.5000,0.5000,0.0800,0.0000,10.0000,1.6319,0.0000,2.4700,0.0000,11.3414
1.5000,3.5000,0.5000,0.1200,0.0000,10.0000,1.6313,0.0000,2.2517,0.0522,11.7272
1.5000,3.5000,0.5500,0.0800,0.0000,10.0000,1.5381,0.0000,2.3317,0.0000,9.8483
1.5000,3.5000,0.5500,0.1200,0.0000,10.0000,1.5655,0.0000,2.0750,0.0003,11.4063
1.5000,3.5000,0.6000,0.0800,0.0000,10.0000,1.3809,0.0000,2.2325,0.0024,8.2400
1.5000,3.5000,0.6000,0.1200,0.0000,10.0000,1.4510,0.0000,1.9533,0.0025,9.9158
1.5000,3.5000,0.6500,0.0800,0.0000,10.0000,1.2198,0.0000,2.1700,0.0063,7.0827
1.5000,3.5000,0.6500,0.1200,0.0000,10.0000,1.2980,0.0000,1.8533,0.0067,8.5528
1.5000,4.0000,0.4000,0.0800,0.0000,10.0000,0.2585,0.0000,2.2567,0.1333,11.9168
1.5000,4.0000,0.4000,0.1200,0.0000,10.0000,0.1830,0.0000,2.2158,0.1268,15.0350
1.5000,4.0000,0.5000,0.0800,0.0000,10.0000,1.5172,0.0000,2.5033,0.0000,11.2332
1.5000,4.0000,0.5000,0.1200,0.0000,10.0000,1.4951,0.0000,2.2467,0.0526,12.4145
1.5000,4.0000,0.5500,0.0800,0.0000,10.0000,1.4412,0.0000,2.3808,0.0000,9.8097
1.5000,4.0000,0.5500,0.1200,0.0000,10.0000,1.4814,0.0000,2.0842,0.0000,11.2681
1.5000,4.0000,0.6000,0.0800,0.0000,10.0000,1.3001,0.0000,2.2775,0.0013,8.2713
1.5000,4.0000,0.6000,0.1200,0.0000,10.0000,1.3651,0.0000,1.9658,0.0000,10.2059
1.5000,4.0000,0.6500,0.0800,0.0000,10.0000,1.1442,0.0000,2.2133,0.0031,7.6105
1.5000,4.0000,0.6500,0.1200,0.0000,10.0000,1.2123,0.0000,1.9008,0.0001,9.2927
1.5000,5.0000,0.4000,0.0800,0.0000,10.0000,0.3333,0.0000,2.4108,0.0931,11.7687
1.5000,5.0000,0.4000,0.1200,0.0000,10.0000,0.4463,0.0000,2.1700,0.1039,14.0782
1.5000,5.0000,0.5000,0.0800,0.0000,10.0000,1.2953,0.0000,2.5483,0.0000,10.8544
1.5000,5.0000,0.5000,0.1200,0.0000,10.0000,1.2986,0.0000,2.2183,0.0556,12.1774
1.5000,5.0000,0.5500,0.0800,0.0000,10.0000,1.2430,0.0000,2.4017,0.0000,9.6054
1.5000,5.0000,0.5500,0.1200,0.0000,10.0000,1.2947,0.0000,2.0667,0.0000,12.1639
1.5000,5.0000,0.6000,0.0800,0.0000,10.0000,1.1445,0.0000,2.3617,0.0000,8.3151
1.5000,5.0000,0.6000,0.1200,0.0000,10.0000,1.1874,0.0000,2.0000,0.0000,10.7946
1.5000,5.0000,0.6500,0.0800,0.0000,10.0000,0.9896,0.0000,2.3058,0.0000,7.6591
1.5000,5.0000,0.6500,0.1200,0.0000,10.0000,1.0433,0.0000,1.9325,0.0000,10.6907
2.0000,2.5000,0.4000,0.0800,3.0000,0.9600,nan,nan,nan,nan,nan
2.0000,2.5000,0.4000,0.1200,3.0000,1.1867,nan,nan,nan,nan,nan
2.0000,2.5000,0.5000,0.0800,3.0000,2.7667,0.5193,0.3452,0.9025,0.1309,12.1273
2.0000,2.5000,0.5000,0.1200,2.0000,4.9600,0.1019,0.3728,0.9502,0.1699,14.1061
2.0000,2.5000,0.5500,0.0800,3.0000,3.8000,0.6381,0.2601,1.2804,0.1195,12.1345
2.0000,2.5000,0.5500,0.1200,0.0000,10.0000,1.6353,0.0842,1.6042,0.1321,12.5112
2.0000,2.5000,0.6000,0.0800,0.0000,10.0000,2.1142,0.0158,1.8450,0.0516,11.1471
2.0000,2.5000,0.6000,0.1200,2.0000,5.9533,0.3952,0.1435,1.4061,0.1307,12.1292
2.0000,2.5000,0.6500,0.0800,0.0000,10.0000,1.2862,0.0158,1.7742,0.0757,11.6523
2.0000,2.5000,0.6500,0.1200,0.0000,10.0000,0.8409,0.0192,1.6483,0.0949,11.9999
2.0000,3.0000,0.4000,0.0800,3.0000,6.1933,-0.0215,0.4366,1.1594,0.1819,13.2295
2.0000,3.0000,0.4000,0.1200,3.0000,2.6467,-0.0527,0.4977,0.6684,0.1864,16.4879
2.0000,3.0000,0.5000,0.0800,3.0000,4.9400,0.4180,0.3307,1.1157,0.1397,12.2316
2.0000,3.0000,0.5000,0.1200,0.0000,10.0000,0.4329,0.1825,1.4725,0.1826,12.9120
2.0000,3.0000,0.5500,0.0800,0.0000,10.0000,2.2456,0.0000,2.1450,0.0627,11.8283
2.0000,3.0000,0.5500,0.1200,0.0000,10.0000,2.0625,0.0033,1.9367,0.1191,12.1011
2.0000,3.0000,0.6000,0.0800,0.0000,10.0000,2.0491,0.0000,1.9333,0.0440,10.6003
2.0000,3.0000,0.6000,0.1200,0.0000,10.0000,0.7692,0.0242,1.6792,0.1263,12.1013
2.0000,3.0000,0.6500,0.0800,0.0000,10.0000,1.7923,0.0000,1.8883,0.0484,8.8693
2.0000,3.0000,0.6500,0.1200,0.0000,10.0000,0.0493,0.0275,1.6100,0.0918,12.0990
2.0000,3.5000,0.4000,0.0800,0.0000,10.0000,-0.2729,0.3383,1.4175,0.1707,12.7476
2.0000,3.5000,0.4000,0.1200,2.0000,6.8867,-0.2170,0.3037,1.2971,0.1748,16.3402
2.0000,3.5000,0.5000,0.0800,0.0000,10.0000,0.5559,0.0383,1.9225,0.1622,12.2746
2.0000,3.5000,0.5000,0.1200,0.0000,10.0000,0.5014,0.0050,1.9450,0.1957,12.8022
2.0000,3.5000,0.5500,0.0800,0.0000,10.0000,2.0478,0.0000,2.2092,0.0781,11.7521
2.0000,3.5000,0.5500,0.1200,0.0000,10.0000,1.8733,0.0000,2.0083,0.1292,11.9472
2.0000,3.5000,0.6000,0.0800,0.0000,10.0000,1.8867,0.0000,2.0775,0.0490,10.6360
2.0000,3.5000,0.6000,0.1200,0.0000,10.0000,1.7653,0.0000,1.8283,0.0881,11.8782
2.0000,3.5000,0.6500,0.0800,0.0000,10.0000,1.6437,0.0000,2.0433,0.0513,8.8177
2.0000,3.5000,0.6500,0.1200,0.0000,10.0000,1.4702,0.0000,1.7908,0.0735,10.9739
2.0000,4.0000,0.4000,0.0800,0.0000,10.0000,-0.2986,0.2333,1.7933,0.1650,12.5673
2.0000,4.0000,0.4000,0.1200,0.0000,10.0000,-0.3423,0.1958,1.7350,0.1741,16.2928
2.0000,4.0000,0.5000,0.0800,0.0000,10.0000,0.6576,0.0017,2.1833,0.1693,12.1721
2.0000,4.0000,0.5000,0.1200,0.0000,10.0000,0.6561,0.0000,2.0942,0.1894,13.5866
2.0000,4.0000,0.5500,0.0800,0.0000,10.0000,1.8344,0.0000,2.2775,0.0861,11.6339
2.0000,4.0000,0.5500,0.1200,0.0000,10.0000,1.4287,0.0000,2.1350,0.1479,11.8171
2.0000,4.0000,0.6000,0.0800,0.0000,10.0000,1.7250,0.0000,2.1483,0.0481,10.5812
2.0000,4.0000,0.6000,0.1200,0.0000,10.0000,1.6056,0.0000,1.9192,0.0856,11.6822
2.0000,4.0000,0.6500,0.0800,0.0000,10.0000,1.5083,0.0000,2.1342,0.0484,8.9442
2.0000,4.0000,0.6500,0.1200,0.0000,10.0000,1.4304,0.0000,1.8475,0.0774,10.8980
2.0000,5.0000,0.4000,0.0800,0.0000,10.0000,0.1141,0.0000,2.6208,0.1641,11.6938
2.0000,5.0000,0.4000,0.1200,0.0000,10.0000,0.2317,0.0000,2.2450,0.1673,15.0400
2.0000,5.0000,0.5000,0.0800,0.0000,10.0000,0.8642,0.0058,2.3283,0.1353,11.9038
2.0000,5.0000,0.5000,0.1200,0.0000,10.0000,0.9461,0.0000,2.1242,0.1587,13.0326
2.0000,5.0000,0.5500,0.0800,0.0000,10.0000,1.5124,0.0000,2.4000,0.0724,11.3590
2.0000,5.0000,0.5500,0.1200,0.0000,10.0000,1.4523,0.0000,2.1325,0.1224,12.9535
2.0000,5.0000,0.6000,0.0800,0.0000,10.0000,1.4628,0.0000,2.3667,0.0391,10.3391
2.0000,5.0000,0.6000,0.1200,0.0000,10.0000,1.4243,0.0000,2.0017,0.0640,11.3815
2.0000,5.0000,0.6500,0.0800,0.0000,10.0000,1.2996,0.0000,2.2667,0.0278,9.0697
2.0000,5.0000,0.6500,0.1200,0.0000,10.0000,1.2871,0.0000,1.9167,0.0617,11.0030
2.5000,2.5000,0.4000,0.0800,3.0000,1.3133,nan,nan,nan,nan,nan
2.5000,2.5000,0.4000,0.1200,3.0000,1.0533,nan,nan,nan,nan,nan
2.5000,2.5000,0.5000,0.0800,3.0000,1.3667,nan,nan,nan,nan,nan
2.5000,2.5000,0.5000,0.1200,3.0000,1.4467,nan,nan,nan,nan,nan
2.5000,2.5000,0.5500,0.0800,3.0000,2.0533,0.3430,0.4881,0.8452,0.1994,14.0271
2.5000,2.5000,0.5500,0.1200,3.0000,4.0200,-0.0774,0.4167,1.0259,0.2392,14.5687
2.5000,2.5000,0.6000,0.0800,3.0000,2.0933,0.6829,0.6643,0.4714,0.1185,12.3143
2.5000,2.5000,0.6000,0.1200,3.0000,2.3867,0.4844,0.2837,1.1541,0.2199,13.7976
2.5000,2.5000,0.6500,0.0800,1.0000,8.2733,1.2309,0.0966,1.3846,0.1102,12.3174
2.5000,2.5000,0.6500,0.1200,3.0000,5.2400,0.6468,0.1740,1.2686,0.1695,12.6535
2.5000,3.0000,0.4000,0.0800,3.0000,3.1333,-0.5049,0.3945,1.0159,0.2372,17.4557
2.5000,3.0000,0.4000,0.1200,3.0000,2.6067,-0.9612,0.5916,0.6556,0.1836,18.0643
2.5000,3.0000,0.5000,0.0800,2.0000,4.3133,0.3046,0.3600,1.1750,0.2344,12.4741
2.5000,3.0000,0.5000,0.1200,3.0000,5.5333,-0.1352,0.4586,0.9573,0.2357,14.3098
2.5000,3.0000,0.5500,0.0800,3.0000,3.1000,0.4674,0.3485,1.0482,0.1955,12.3067
2.5000,3.0000,0.5500,0.1200,1.0000,8.1533,0.1718,0.2831,1.2330,0.2280,12.9471
2.5000,3.0000,0.6000,0.0800,2.0000,7.2133,1.3866,0.1207,1.4097,0.1540,12.5415
2.5000,3.0000,0.6000,0.1200,0.0000,10.0000,1.1653,0.0483,1.5983,0.2052,12.5057
2.5000,3.0000,0.6500,0.0800,0.0000,10.0000,1.8464,0.0025,1.6992,0.0955,11.2367
2.5000,3.0000,0.6500,0.1200,2.0000,6.6533,0.1370,0.1672,1.3035,0.1570,12.5766
2.5000,3.5000,0.4000,0.0800,3.0000,6.8667,-0.5690,0.4478,1.1012,0.2263,15.7267
2.5000,3.5000,0.4000,0.1200,2.0000,6.5067,-0.8005,0.4420,0.9666,0.2298,17.9569
2.5000,3.5000,0.5000,0.0800,1.0000,8.3933,-0.1445,0.3154,1.3804,0.2163,12.2459
2.5000,3.5000,0.5000,0.1200,0.0000,10.0000,-0.1880,0.2675,1.3925,0.2194,14.5476
2.5000,3.5000,0.5500,0.0800,1.0000,8.0867,0.5383,0.1218,1.5992,0.2044,12.4344
2.5000,3.5000,0.5500,0.1200,0.0000,10.0000,0.1008,0.0167,1.7433,0.2404,12.3473
2.5000,3.5000,0.6000,0.0800,0.0000,10.0000,2.0212,0.0000,1.9825,0.1346,11.9539
2.5000,3.5000,0.6000,0.1200,0.0000,10.0000,1.6303,0.0000,1.7933,0.2094,11.9569
2.5000,3.5000,0.6500,0.0800,0.0000,10.0000,1.7657,0.0000,1.8850,0.0937,10.8435
2.5000,3.5000,0.6500,0.1200,0.0000,10.0000,0.7633,0.0258,1.8217,0.1853,11.9486
2.5000,4.0000,0.4000,0.0800,0.0000,10.0000,-0.6732,0.3133,1.4600,0.2011,14.8303
2.5000,4.0000,0.4000,0.1200,2.0000,4.6933,-0.5990,0.3158,0.9417,0.1597,17.4162
2.5000,4.0000,0.5000,0.0800,0.0000,10.0000,0.1930,0.0092,1.9317,0.2086,12.1589
2.5000,4.0000,0.5000,0.1200,0.0000,10.0000,0.0987,0.0100,1.8317,0.2156,14.9276
2.5000,4.0000,0.5500,0.0800,0.0000,10.0000,0.2716,0.0008,1.9167,0.2100,12.1462
2.5000,4.0000,0.5500,0.1200,0.0000,10.0000,0.3817,0.0000,2.0483,0.2364,13.0150
2.5000,4.0000,0.6000,0.0800,0.0000,10.0000,1.7500,0.0000,2.0500,0.1510,11.7654
2.5000,4.0000,0.6000,0.1200,0.0000,10.0000,1.3454,0.0000,1.9425,0.2137,11.7809
2.5000,4.0000,0.6500,0.0800,0.0000,10.0000,1.6159,0.0000,2.0400,0.0984,10.7553
2.5000,4.0000,0.6500,0.1200,0.0000,10.0000,1.2705,0.0000,1.8208,0.1581,11.6958
2.5000,5.0000,0.4000,0.0800,0.0000,10.0000,-0.4750,0.0275,2.2050,0.1836,13.0404
2.5000,5.0000,0.4000,0.1200,0.0000,10.0000,-0.0207,0.0017,2.2158,0.1933,16.2650
2.5000,5.0000,0.5000,0.0800,0.0000,10.0000,0.0609,0.0000,2.1692,0.1944,11.6734
2.5000,5.0000,0.5000,0.1200,0.0000,10.0000,0.4291,0.0000,2.0083,0.2125,14.2333
2.5000,5.0000,0.5500,0.0800,0.0000,10.0000,0.9172,0.0000,2.4417,0.1887,11.7837
2.5000,5.0000,0.5500,0.1200,0.0000,10.0000,1.2871,0.0000,2.1383,0.1988,13.7530
2.5000,5.0000,0.6000,0.0800,0.0000,10.0000,1.4870,0.0000,2.3025,0.1446,11.3132
2.5000,5.0000,0.6000,0.1200,0.0000,10.0000,1.3700,0.0000,2.0667,0.1945,12.1226
2.5000,5.0000,0.6500,0.0800,0.0000,10.0000,1.4286,0.0000,2.2000,0.0835,10.3864
2.5000,5.0000,0.6500,0.1200,0.0000,10.0000,1.2796,0.0000,1.8875,0.1349,11.4143
